sample_order,benchmark,n,repetition,affected_units,inner_iterations,elapsed_ns,per_operation_ns,milliseconds,units_per_second,exact_vectors,expected_vectors,modeled_external_calls,modeled_naive_external_calls
1,fanout_subset,250,29,25,200,26533500,132667.5,0.1326675,188441.02738048128,25,25,1,150
2,fanout_total,10,34,10,500,25735167,51470.334,0.051470334,194286.67395086263,10,10,1,60
3,fanout_total,10,11,10,500,26854709,53709.418,0.053709417999999995,186187.08547540024,10,10,1,60
4,sweep,500,20,500,10,29805167,2980516.7,2.9805167000000004,167756.14778471127,500,500,6,3000
5,sweep,500,19,500,10,28852416,2885241.6,2.8852416,173295.71291360835,500,500,6,3000
6,fanout_subset,1,20,1,2000,10426792,5213.396,0.0052133959999999995,191813.5510903066,1,1,1,6
7,fanout_total,500,4,500,10,25959750,2595975.0,2.595975,192605.86099635012,500,500,1,3000
8,sweep,250,3,250,20,27946500,1397325.0,1.397325,178913.2807328288,250,250,6,1500
9,sweep,1000,15,1000,5,34205208,6841041.6,6.8410416,146176.57053861508,1000,1000,6,6000
10,sweep,100,3,100,50,28065458,561309.16,0.5613091600000001,178154.94049660617,100,100,6,600
11,fanout_total,1000,29,1000,5,27997584,5599516.8,5.5995168,178586.838064313,1000,1000,1,6000
12,fanout_total,250,33,250,20,32996875,1649843.75,1.64984375,151529.5008997064,250,250,1,1500
13,fanout_subset,10,15,1,2000,18271750,9135.875,0.009135875,109458.59044700152,1,1,1,6
14,fanout_total,500,2,500,10,30342750,3034275.0,3.034275,164784.00935973175,500,500,1,3000
15,fanout_total,250,31,250,20,27086000,1354300.0,1.3543,184597.20889020158,250,250,1,1500
16,sweep,500,10,500,10,29352375,2935237.5,2.9352375,170343.96705547677,500,500,6,3000
17,fanout_total,1,36,1,2000,10236459,5118.2295,0.005118229500000001,195380.06257828022,1,1,1,6
18,fanout_subset,10,29,1,2000,11804458,5902.229,0.005902229,169427.5162824079,1,1,1,6
19,fanout_total,25,8,25,200,40671542,203357.71,0.20335771,122936.08144977636,25,25,1,150
20,sweep,100,35,100,50,35217167,704343.34,0.70434334,141976.21290775604,100,100,6,600
21,fanout_total,25,11,25,200,57559875,287799.375,0.287799375,86866.0677251297,25,25,1,150
22,sweep,50,34,50,100,78011083,780110.83,0.7801108299999999,64093.45707968187,50,50,6,300
23,fanout_subset,1000,8,100,50,28982875,579657.5,0.5796575,172515.6665789712,100,100,1,600
24,fanout_subset,1,32,1,2000,14291125,7145.5625,0.0071455625,139946.99507561512,1,1,1,6
25,fanout_total,500,21,500,10,28148916,2814891.6,2.8148916,177626.73347705466,500,500,1,3000
26,sweep,1,12,1,2000,15449458,7724.729,0.0077247290000000005,129454.37956464232,1,1,6,6
27,sweep,1000,12,1000,5,31714208,6342841.6,6.3428416,157658.04399088258,1000,1000,6,6000
28,sweep,1000,21,1000,5,34427083,6885416.6,6.885416599999999,145234.494598337,1000,1000,6,6000
29,sweep,500,28,500,10,29321292,2932129.2,2.9321292000000003,170524.54578058835,500,500,6,3000
30,fanout_subset,1,7,1,2000,10298917,5149.4585,0.0051494585,194195.17605589016,1,1,1,6
31,fanout_subset,25,22,3,1667,24519916,14709.007798440312,0.014709007798440312,203956.65303257972,3,3,1,18
32,sweep,50,8,50,100,28375292,283752.92,0.28375291999999996,176209.64041533036,50,50,6,300
33,fanout_subset,100,32,10,500,24551000,49102.0,0.049102,203657.69215103256,10,10,1,60
34,fanout_subset,250,18,25,200,26511792,132558.96,0.13255896,188595.3239222758,25,25,1,150
35,fanout_total,250,2,250,20,25500209,1275010.45,1.27501045,196076.8243115184,250,250,1,1500
36,fanout_subset,1000,31,100,50,26436750,528735.0,0.528735,189130.66091709456,100,100,1,600
37,fanout_total,25,6,25,200,25078375,125391.875,0.125391875,199374.95950196133,25,25,1,150
38,fanout_subset,100,23,10,500,25395167,50790.334,0.050790334,196887.8566539846,10,10,1,60
39,fanout_subset,10,20,1,2000,10375208,5187.604,0.005187604,192767.21970296884,1,1,1,6
40,fanout_total,100,18,100,50,24946417,498928.34,0.49892834,200429.58473755972,100,100,1,600
41,sweep,50,36,50,100,28954417,289544.17,0.28954417,172685.2245030525,50,50,6,300
42,sweep,100,26,100,50,29356417,587128.34,0.5871283399999999,170320.5128882043,100,100,6,600
43,fanout_total,100,22,100,50,24638792,492775.84,0.49277584,202932.0268623559,100,100,1,600
44,sweep,25,20,25,200,28340375,141701.875,0.141701875,176426.74100113355,25,25,6,150
45,sweep,10,23,10,500,28758208,57516.416,0.057516416,173863.40623170958,10,10,6,60
46,fanout_total,100,32,100,50,29335459,586709.18,0.58670918,170442.19420599483,100,100,1,600
47,sweep,1000,13,1000,5,29784792,5956958.4,5.9569584,167870.90539359816,1000,1000,6,6000
48,fanout_subset,50,38,5,1000,26150625,26150.625,0.026150625,191200.01912000193,5,5,1,30
49,fanout_subset,500,18,50,100,25504125,255041.25,0.25504125,196046.71793288342,50,50,1,300
50,fanout_total,50,8,50,100,25392417,253924.17,0.25392417,196909.1796184664,50,50,1,300
51,fanout_subset,50,4,5,1000,25106417,25106.417,0.025106417000000002,199152.2725046748,5,5,1,30
52,fanout_subset,25,31,3,1667,26715959,16026.370125974805,0.016026370125974805,187191.48356231567,3,3,1,18
53,sweep,25,34,25,200,29189542,145947.71,0.14594770999999998,171294.22585664416,25,25,6,150
54,fanout_subset,100,40,10,500,25574917,51149.834,0.051149834000000005,195504.05579028858,10,10,1,60
55,fanout_subset,10,40,1,2000,10730375,5365.1875,0.0053651875,186386.77585825286,1,1,1,6
56,fanout_total,25,37,25,200,26321417,131607.085,0.13160708499999998,189959.3779468636,25,25,1,150
57,fanout_total,50,24,50,100,26044667,260446.67,0.26044667,191977.88169071233,50,50,1,300
58,fanout_total,100,25,100,50,25699208,513984.16,0.51398416,194558.52491640986,100,100,1,600
59,fanout_total,25,35,25,200,25979833,129899.165,0.12989916499999998,192456.97229847475,25,25,1,150
60,fanout_subset,50,2,5,1000,25084875,25084.875,0.025084875,199323.297405309,5,5,1,30
61,fanout_subset,250,37,25,200,26309625,131548.125,0.131548125,190044.5179283247,25,25,1,150
62,fanout_total,500,11,500,10,26841333,2684133.3,2.6841332999999996,186279.86918533445,500,500,1,3000
63,fanout_total,250,13,250,20,25743666,1287183.3,1.2871833000000001,194222.53225317638,250,250,1,1500
64,fanout_total,1000,8,1000,5,27533542,5506708.4,5.5067084,181596.68668854883,1000,1000,1,6000
65,fanout_subset,500,34,50,100,26120125,261201.25,0.26120125,191423.27994219016,50,50,1,300
66,fanout_total,500,29,500,10,26875000,2687500.0,2.6875,186046.511627907,500,500,1,3000
67,fanout_subset,25,33,3,1667,25219292,15128.54949010198,0.01512854949010198,198300.5708486979,3,3,1,18
68,sweep,250,13,250,20,28417125,1420856.25,1.42085625,175950.24127176835,250,250,6,1500
69,sweep,50,22,50,100,28189333,281893.33,0.28189333,177372.0577212664,50,50,6,300
70,sweep,250,31,250,20,28646458,1432322.9,1.4323229,174541.64839506513,250,250,6,1500
71,sweep,1000,1,1000,5,34402292,6880458.4,6.8804584,145339.15356569848,1000,1000,6,6000
72,fanout_total,250,1,250,20,25724959,1286247.95,1.28624795,194363.76944274234,250,250,1,1500
73,fanout_subset,500,30,50,100,26046208,260462.08,0.26046208,191966.5234954739,50,50,1,300
74,fanout_subset,25,9,3,1667,24711167,14823.735452909417,0.014823735452909418,202378.139405557,3,3,1,18
75,sweep,50,13,50,100,27835792,278357.92,0.27835792,179624.85134247303,50,50,6,300
76,sweep,50,21,50,100,28500625,285006.25,0.28500625,175434.74923795532,50,50,6,300
77,fanout_subset,25,28,3,1667,25045958,15024.569886022795,0.015024569886022795,199672.93724600194,3,3,1,18
78,fanout_total,25,14,25,200,25011791,125058.955,0.125058955,199905.7164678851,25,25,1,150
79,sweep,1,26,1,2000,13192958,6596.479,0.006596479000000001,151596.02569795187,1,1,6,6
80,fanout_subset,100,17,10,500,25008666,50017.332,0.050017332000000005,199930.6960235304,10,10,1,60
81,fanout_subset,500,37,50,100,26063792,260637.92,0.26063792,191837.01281839574,50,50,1,300
82,fanout_total,25,36,25,200,25630500,128152.5,0.1281525,195080.0803729931,25,25,1,150
83,fanout_total,10,14,10,500,26025917,52051.834,0.052051834000000005,192116.1894122693,10,10,1,60
84,fanout_subset,50,40,5,1000,24404292,24404.292,0.024404292,204881.99370831982,5,5,1,30
85,fanout_subset,1,2,1,2000,10706083,5353.0415,0.0053530415,186809.68567122074,1,1,1,6
86,fanout_total,1000,7,1000,5,27085875,5417175.0,5.417175,184598.06079737132,1000,1000,1,6000
87,sweep,50,25,50,100,28834375,288343.75,0.28834375,173404.14002384307,50,50,6,300
88,fanout_subset,1000,25,100,50,27355584,547111.68,0.5471116800000001,182778.03902852154,100,100,1,600
89,fanout_subset,10,30,1,2000,10484625,5242.3125,0.0052423125,190755.51104593632,1,1,1,6
90,fanout_total,250,9,250,20,26124291,1306214.55,1.30621455,191392.75396985895,250,250,1,1500
91,fanout_total,250,21,250,20,25585750,1279287.5,1.2792875,195421.2794231164,250,250,1,1500
92,fanout_subset,1,19,1,2000,10352541,5176.2705,0.0051762705,193189.28560630672,1,1,1,6
93,sweep,1,1,1,2000,13341834,6670.917,0.006670917,149904.4284316534,1,1,6,6
94,sweep,50,27,50,100,28270084,282700.84,0.28270084,176865.41009216665,50,50,6,300
95,sweep,1,22,1,2000,13476875,6738.4375,0.0067384375,148402.35588739972,1,1,6,6
96,fanout_total,1000,10,1000,5,26971833,5394366.6,5.3943666,185378.5762354379,1000,1000,1,6000
97,fanout_total,500,6,500,10,26768041,2676804.1,2.6768041,186789.91114814865,500,500,1,3000
98,sweep,1,39,1,2000,12899875,6449.9375,0.0064499375,155040.26201804282,1,1,6,6
99,sweep,250,36,250,20,28930625,1446531.25,1.44653125,172827.23757264146,250,250,6,1500
100,fanout_subset,100,25,10,500,25042125,50084.25,0.05008425,199663.5668897907,10,10,1,60
101,fanout_subset,100,36,10,500,25200084,50400.168,0.050400167999999995,198412.03703924164,10,10,1,60
102,sweep,25,5,25,200,28282541,141412.705,0.141412705,176787.51000484716,25,25,6,150
103,sweep,500,13,500,10,29404375,2940437.5,2.9404375,170042.7232342126,500,500,6,3000
104,fanout_subset,500,23,50,100,25628750,256287.5,0.2562875,195093.40096571232,50,50,1,300
105,sweep,10,19,10,500,29295041,58590.082,0.058590082,170677.35115987717,10,10,6,60
106,fanout_total,1000,24,1000,5,27512250,5502450.0,5.50245,181737.22614471737,1000,1000,1,6000
107,fanout_subset,25,2,3,1667,25274375,15161.592681463708,0.015161592681463708,197868.39437176983,3,3,1,18
108,fanout_subset,250,33,25,200,26221708,131108.54,0.13110854,190681.70540225678,25,25,1,150
109,sweep,10,9,10,500,28730500,57461.0,0.057461,174031.0819512365,10,10,6,60
110,sweep,1000,18,1000,5,34771917,6954383.4,6.9543834,143794.2003600204,1000,1000,6,6000
111,sweep,1000,32,1000,5,29834458,5966891.6,5.966891599999999,167591.4474464393,1000,1000,6,6000
112,fanout_total,10,16,10,500,27316541,54633.082,0.054633082,183039.2801196901,10,10,1,60
113,fanout_subset,100,27,10,500,25173334,50346.668,0.050346668,198622.87609579248,10,10,1,60
114,fanout_total,50,18,50,100,25118084,251180.84,0.25118084,199059.76904926347,50,50,1,300
115,fanout_total,500,37,500,10,26011541,2601154.1,2.6011541,192222.36775591265,500,500,1,3000
116,sweep,10,6,10,500,28277833,56555.666,0.056555666,176816.9435048294,10,10,6,60
117,fanout_subset,250,7,25,200,25655125,128275.625,0.128275625,194892.83330328733,25,25,1,150
118,fanout_subset,100,13,10,500,25259583,50519.166,0.050519166,197944.6770756271,10,10,1,60
119,fanout_total,1,26,1,2000,11236208,5618.104,0.0056181040000000005,177995.9929542066,1,1,1,6
120,fanout_subset,250,36,25,200,27465750,137328.75,0.13732875,182044.91047941527,25,25,1,150
121,fanout_total,1,29,1,2000,11203875,5601.9375,0.0056019375,178509.6674141759,1,1,1,6
122,fanout_subset,50,33,5,1000,27714291,27714.291,0.027714291000000002,180412.33672548216,5,5,1,30
123,fanout_total,100,17,100,50,26229542,524590.84,0.52459084,190624.7543323479,100,100,1,600
124,fanout_total,25,24,25,200,25491792,127458.96,0.12745896,196141.56588128445,25,25,1,150
125,sweep,1000,35,1000,5,30768208,6153641.6,6.153641599999999,162505.40167955184,1000,1000,6,6000
126,fanout_subset,50,30,5,1000,24917209,24917.209,0.024917209,200664.52867975703,5,5,1,30
127,sweep,1,13,1,2000,13035458,6517.729,0.006517729,153427.67396435168,1,1,6,6
128,sweep,1000,37,1000,5,30384792,6076958.4,6.0769584000000005,164556.00551749702,1000,1000,6,6000
129,fanout_subset,50,5,5,1000,30422500,30422.5,0.0304225,164352.0420741228,5,5,1,30
130,fanout_total,250,34,250,20,26419375,1320968.75,1.32096875,189255.04482978873,250,250,1,1500
131,fanout_subset,1,9,1,2000,11048417,5524.2085,0.0055242085,181021.40786322602,1,1,1,6
132,sweep,250,28,250,20,28588792,1429439.6,1.4294396,174893.71359237563,250,250,6,1500
133,fanout_subset,100,5,10,500,25205125,50410.25,0.05041025,198372.3548286311,10,10,1,60
134,fanout_subset,100,33,10,500,25322250,50644.5,0.0506445,197454.80753092637,10,10,1,60
135,sweep,500,38,500,10,30362000,3036200.0,3.0362,164679.53362756077,500,500,6,3000
136,sweep,25,17,25,200,28202125,141010.625,0.141010625,177291.60479928373,25,25,6,150
137,fanout_subset,25,3,3,1667,25679666,15404.718656268746,0.015404718656268745,194745.52355937965,3,3,1,18
138,sweep,250,15,250,20,28541334,1427066.7,1.4270667,175184.52361056427,250,250,6,1500
139,fanout_subset,1000,27,100,50,37353042,747060.84,0.74706084,133857.9064055881,100,100,1,600
140,sweep,50,33,50,100,31219750,312197.5,0.3121975,160155.0300691069,50,50,6,300
141,sweep,250,32,250,20,28083792,1404189.6,1.4041896,178038.63523843218,250,250,6,1500
142,fanout_subset,1000,24,100,50,26684708,533694.16,0.53369416,187373.23263945777,100,100,1,600
143,fanout_total,50,25,50,100,25847083,258470.83,0.25847083,193445.426704437,50,50,1,300
144,fanout_total,100,15,100,50,25258125,505162.5,0.5051625,197956.1032341078,100,100,1,600
145,fanout_total,25,18,25,200,24698000,123490.0,0.12349,202445.5421491619,25,25,1,150
146,sweep,1,40,1,2000,13094209,6547.1045,0.0065471045,152739.27581268942,1,1,6,6
147,sweep,250,22,250,20,28188416,1409420.8,1.4094208000000001,177377.82782828237,250,250,6,1500
148,fanout_subset,50,9,5,1000,25073084,25073.084,0.025073084,199417.0322246757,5,5,1,30
149,sweep,10,1,10,500,28384083,56768.166,0.056768165999999995,176155.06549920954,10,10,6,60
150,sweep,10,37,10,500,28222167,56444.334,0.056444334000000006,177165.70098958028,10,10,6,60
151,fanout_subset,100,7,10,500,25471333,50942.666,0.050942666,196299.1100622806,10,10,1,60
152,fanout_total,25,34,25,200,25138459,125692.295,0.125692295,198898.4288973322,25,25,1,150
153,sweep,500,12,500,10,33139792,3313979.2,3.3139792000000003,150876.02239627816,500,500,6,3000
154,fanout_total,50,20,50,100,25489958,254899.58,0.25489958,196155.67824788098,50,50,1,300
155,fanout_total,100,20,100,50,25378709,507574.18,0.50757418,197015.53770918763,100,100,1,600
156,sweep,1,7,1,2000,12970833,6485.4165,0.0064854165000000005,154192.10161752912,1,1,6,6
157,sweep,50,38,50,100,27258208,272582.08,0.27258208,183430.98709937205,50,50,6,300
158,sweep,50,18,50,100,28560875,285608.75,0.28560875,175064.66451045356,50,50,6,300
159,sweep,25,1,25,200,27675334,138376.67,0.13837667,180666.29295241748,25,25,6,150
160,sweep,1000,14,1000,5,30073958,6014791.6,6.0147916,166256.79932119345,1000,1000,6,6000
161,sweep,10,12,10,500,28286166,56572.332,0.056572332,176764.8538865253,10,10,6,60
162,fanout_total,1,8,1,2000,10262708,5131.354,0.005131354,194880.3376262873,1,1,1,6
163,sweep,25,3,25,200,27690667,138453.335,0.13845333499999998,180566.2536045087,25,25,6,150
164,fanout_subset,500,24,50,100,25311875,253118.75,0.25311875,197535.74162324995,50,50,1,300
165,fanout_total,1,12,1,2000,10461583,5230.7915,0.0052307915,191175.656685991,1,1,1,6
166,fanout_total,250,18,250,20,25540333,1277016.65,1.27701665,195768.78656985404,250,250,1,1500
167,fanout_subset,500,16,50,100,26348584,263485.84,0.26348584,189763.51822170021,50,50,1,300
168,fanout_total,1,31,1,2000,10878333,5439.1665,0.0054391665,183851.69860124707,1,1,1,6
169,fanout_subset,100,2,10,500,24906375,49812.75,0.04981275,200751.81554923186,10,10,1,60
170,fanout_subset,1000,18,100,50,27788375,555767.5,0.5557675,179931.3561876144,100,100,1,600
171,fanout_total,100,34,100,50,25360000,507200.0,0.5072,197160.88328075712,100,100,1,600
172,fanout_total,500,33,500,10,26555584,2655558.4,2.6555584,188284.3171515264,500,500,1,3000
173,fanout_total,500,13,500,10,26848042,2684804.2,2.6848042000000003,186233.32010580137,500,500,1,3000
174,sweep,250,35,250,20,27769875,1388493.75,1.38849375,180051.22457339114,250,250,6,1500
175,fanout_total,25,12,25,200,25095084,125475.42,0.12547542,199242.21014761296,25,25,1,150
176,fanout_total,250,29,250,20,26093667,1304683.35,1.3046833500000001,191617.37597095876,250,250,1,1500
177,fanout_subset,10,37,1,2000,10306584,5153.292,0.005153292,194050.7155426085,1,1,1,6
178,fanout_total,25,33,25,200,25234292,126171.46,0.12617146,198143.06658573973,25,25,1,150
179,sweep,10,18,10,500,28000208,56000.416,0.056000416,178570.10205067048,10,10,6,60
180,sweep,500,3,500,10,29382750,2938275.0,2.938275,170167.8706043512,500,500,6,3000
181,fanout_subset,50,10,5,1000,24573958,24573.958,0.024573958,203467.42677756675,5,5,1,30
182,fanout_total,1,22,1,2000,10332125,5166.0625,0.0051660625,193571.022417944,1,1,1,6
183,sweep,1000,10,1000,5,30268041,6053608.2,6.0536082,165190.736988892,1000,1000,6,6000
184,fanout_subset,250,35,25,200,24515250,122576.25,0.12257625,203954.68126982183,25,25,1,150
185,fanout_subset,500,15,50,100,25860750,258607.5,0.2586075,193343.19383621897,50,50,1,300
186,fanout_total,10,19,10,500,24472042,48944.084,0.048944084000000006,204314.78501058472,10,10,1,60
187,fanout_total,100,27,100,50,24927333,498546.66,0.49854666,200583.0306836275,100,100,1,600
188,fanout_total,10,13,10,500,25352000,50704.0,0.050704,197223.09876932786,10,10,1,60
189,fanout_subset,50,31,5,1000,24328834,24328.834,0.024328834,205517.45307646063,5,5,1,30
190,fanout_subset,50,18,5,1000,24118917,24118.917,0.024118917,207306.15723749122,5,5,1,30
191,fanout_total,100,4,100,50,25883167,517663.34,0.51766334,193175.74236568497,100,100,1,600
192,fanout_total,10,30,10,500,25829000,51658.0,0.051658,193580.85872468931,10,10,1,60
193,fanout_total,50,10,50,100,25301750,253017.5,0.2530175,197614.78949084552,50,50,1,300
194,fanout_subset,500,11,50,100,25475000,254750.0,0.25475,196270.85377821396,50,50,1,300
195,fanout_total,100,37,100,50,25673625,513472.5,0.5134725,194752.39667168155,100,100,1,600
196,fanout_subset,1000,35,100,50,26528333,530566.66,0.5305666600000001,188477.73058337285,100,100,1,600
197,sweep,50,17,50,100,28735750,287357.5,0.2873575,173999.28660292496,50,50,6,300
198,fanout_subset,1000,30,100,50,27410250,548205.0,0.548205,182413.51319305736,100,100,1,600
199,sweep,50,7,50,100,27987583,279875.83,0.27987583,178650.65375598887,50,50,6,300
200,sweep,1000,3,1000,5,32735875,6547175.0,6.547175,152737.63111571022,1000,1000,6,6000
201,fanout_total,50,23,50,100,24876834,248768.34,0.24876834,200990.20639041124,50,50,1,300
202,fanout_subset,25,6,3,1667,24619500,14768.74625074985,0.014768746250749849,203131.66392493757,3,3,1,18
203,fanout_total,10,38,10,500,25330625,50661.25,0.05066125,197389.52355103754,10,10,1,60
204,fanout_subset,25,19,3,1667,25698042,15415.742051589683,0.015415742051589684,194606.26611163604,3,3,1,18
205,sweep,25,7,25,200,28277458,141387.29,0.14138729,176819.2883532883,25,25,6,150
206,sweep,50,11,50,100,28467166,284671.66,0.28467166,175640.94718806926,50,50,6,300
207,fanout_subset,100,31,10,500,25070375,50140.75,0.05014075,199438.58039618473,10,10,1,60
208,sweep,50,15,50,100,33027625,330276.25,0.33027625,151388.42105661548,50,50,6,300
209,sweep,500,7,500,10,29372959,2937295.9,2.9372959,170224.5933070618,500,500,6,3000
210,sweep,1000,20,1000,5,31239750,6247950.0,6.24795,160052.49721908785,1000,1000,6,6000
211,fanout_total,500,31,500,10,26107708,2610770.8,2.6107707999999996,191514.32213046047,500,500,1,3000
212,fanout_total,50,7,50,100,25558958,255589.58,0.25558958,195626.12842041528,50,50,1,300
213,fanout_subset,1000,10,100,50,27014791,540295.82,0.54029582,185083.79354110124,100,100,1,600
214,fanout_subset,1000,39,100,50,26052708,521054.16,0.5210541599999999,191918.6289578803,100,100,1,600
215,sweep,25,26,25,200,28438875,142194.375,0.142194375,175815.67484649096,25,25,6,150
216,fanout_total,100,6,100,50,25323916,506478.32,0.50647832,197441.8174503501,100,100,1,600
217,fanout_subset,500,17,50,100,27219084,272190.84,0.27219084000000004,183694.64600645634,50,50,1,300
218,sweep,1000,4,1000,5,31790708,6358141.6,6.3581416,157278.66142521898,1000,1000,6,6000
219,sweep,500,1,500,10,29894709,2989470.9,2.9894708999999997,167253.67689647022,500,500,6,3000
220,fanout_subset,25,34,3,1667,25541917,15322.085782843431,0.015322085782843432,195795.7971596259,3,3,1,18
221,fanout_total,500,14,500,10,26644542,2664454.2,2.6644542,187655.69323728664,500,500,1,3000
222,fanout_total,250,25,250,20,25868041,1293402.05,1.29340205,193288.6993645943,250,250,1,1500
223,fanout_subset,500,20,50,100,26406875,264068.75,0.26406875,189344.63089631015,50,50,1,300
224,fanout_total,250,17,250,20,25850542,1292527.1,1.2925271,193419.54222855365,250,250,1,1500
225,fanout_total,50,29,50,100,25225125,252251.25,0.25225125,198215.07326524644,50,50,1,300
226,sweep,500,29,500,10,32752958,3275295.8,3.2752958,152657.9675643342,500,500,6,3000
227,sweep,1,10,1,2000,13463000,6731.5,0.0067315,148555.29971031717,1,1,6,6
228,fanout_total,1,4,1,2000,10462125,5231.0625,0.0052310625,191165.7526554118,1,1,1,6
229,fanout_total,100,1,100,50,25744709,514894.18,0.51489418,194214.66368099168,100,100,1,600
230,sweep,50,37,50,100,28371166,283711.66,0.28371166,176235.26646737044,50,50,6,300
231,fanout_total,1,23,1,2000,10261584,5130.792,0.005130792,194901.68379462662,1,1,1,6
232,sweep,100,10,100,50,29335041,586700.82,0.5867008199999999,170444.62286587566,100,100,6,600
233,sweep,25,28,25,200,27963208,139816.04,0.13981604,178806.38015495214,25,25,6,150
234,sweep,1,20,1,2000,13214375,6607.1875,0.0066071875,151350.32871399517,1,1,6,6
235,fanout_total,1,10,1,2000,10521458,5260.729,0.0052607290000000004,190087.72358355657,1,1,1,6
236,fanout_subset,10,7,1,2000,10510792,5255.396,0.005255396,190280.61824456236,1,1,1,6
237,sweep,500,11,500,10,30219958,3021995.8,3.0219958,165453.572106222,500,500,6,3000
238,fanout_total,1000,25,1000,5,27583042,5516608.4,5.5166084,181270.7967453336,1000,1000,1,6000
239,sweep,100,39,100,50,28405125,568102.5,0.5681025,176024.57303039505,100,100,6,600
240,sweep,500,39,500,10,29365166,2936516.6,2.9365166,170269.76792843602,500,500,6,3000
241,sweep,1000,33,1000,5,31039375,6207875.0,6.207875,161085.7177375511,1000,1000,6,6000
242,sweep,10,8,10,500,29388750,58777.5,0.0587775,170133.12917357835,10,10,6,60
243,fanout_total,1000,39,1000,5,26719917,5343983.4,5.3439834,187126.3297711591,1000,1000,1,6000
244,sweep,500,26,500,10,34192083,3419208.3,3.4192082999999998,146232.68199249517,500,500,6,3000
245,sweep,10,30,10,500,29070375,58140.75,0.05814075,171996.40527512974,10,10,6,60
246,sweep,25,33,25,200,30420083,152100.415,0.15210041500000002,164365.10051599794,25,25,6,150
247,sweep,25,37,25,200,35277250,176386.25,0.17638625,141734.4039005308,25,25,6,150
248,fanout_total,500,3,500,10,27805792,2780579.2,2.7805792,179818.65073291204,500,500,1,3000
249,fanout_subset,250,10,25,200,26834667,134173.335,0.134173335,186326.1429702109,25,25,1,150
250,fanout_subset,100,8,10,500,25739916,51479.832,0.051479832,194250.8281689808,10,10,1,60
251,sweep,100,36,100,50,28420166,568403.32,0.5684033199999999,175931.41433445536,100,100,6,600
252,sweep,250,9,250,20,28669083,1433454.15,1.43345415,174403.90402441545,250,250,6,1500
253,fanout_total,1000,36,1000,5,27670750,5534150.0,5.53415,180696.2225454677,1000,1000,1,6000
254,sweep,100,22,100,50,28519125,570382.5,0.5703825,175320.94690843427,100,100,6,600
255,fanout_subset,10,1,1,2000,10451625,5225.8125,0.0052258125,191357.80321241912,1,1,1,6
256,sweep,500,27,500,10,29356625,2935662.5,2.9356625,170319.30611914687,500,500,6,3000
257,fanout_subset,25,37,3,1667,25163708,15095.205758848231,0.015095205758848231,198738.59607654007,3,3,1,18
258,fanout_subset,1000,1,100,50,27502916,550058.32,0.55005832,181798.90452343307,100,100,1,600
259,fanout_total,100,26,100,50,26011958,520239.16,0.5202391599999999,192219.2862221291,100,100,1,600
260,sweep,1,31,1,2000,12899333,6449.6665,0.0064496665,155046.77644960402,1,1,6,6
261,fanout_subset,1000,22,100,50,26752667,535053.34,0.5350533399999999,186897.2540195712,100,100,1,600
262,fanout_total,250,36,250,20,26005583,1300279.15,1.30027915,192266.40679426416,250,250,1,1500
263,fanout_subset,10,17,1,2000,10682750,5341.375,0.005341375,187217.71079544123,1,1,1,6
264,fanout_total,25,3,25,200,25102417,125512.085,0.125512085,199184.00686276544,25,25,1,150
265,fanout_subset,1,28,1,2000,9963583,4981.7915,0.0049817915,200731.00209031228,1,1,1,6
266,fanout_total,500,27,500,10,27067666,2706766.6,2.7067666,184722.24387577415,500,500,1,3000
267,fanout_total,1000,13,1000,5,28665334,5733066.8,5.7330668,174426.71346512134,1000,1000,1,6000
268,sweep,10,22,10,500,29005917,58011.834,0.058011834000000005,172378.62192048607,10,10,6,60
269,fanout_total,25,20,25,200,25527708,127638.54,0.12763854,195865.60610925197,25,25,1,150
270,sweep,10,29,10,500,29011000,58022.0,0.058022,172348.4195649926,10,10,6,60
271,sweep,10,25,10,500,29262167,58524.334,0.058524334000000004,170869.09523823028,10,10,6,60
272,fanout_subset,250,22,25,200,25652209,128261.045,0.128261045,194914.9876332288,25,25,1,150
273,fanout_subset,50,34,5,1000,25607417,25607.417,0.025607417,195255.92917083358,5,5,1,30
274,fanout_subset,250,24,25,200,25639125,128195.625,0.128195625,195014.45544650996,25,25,1,150
275,sweep,500,32,500,10,29776167,2977616.7,2.9776167,167919.5310800077,500,500,6,3000
276,fanout_subset,250,11,25,200,25902833,129514.165,0.129514165,193029.0790972555,25,25,1,150
277,fanout_subset,10,38,1,2000,10468791,5234.3955,0.0052343955,191044.0279111504,1,1,1,6
278,fanout_subset,250,32,25,200,26465292,132326.46,0.13232645999999998,188926.68934089222,25,25,1,150
279,sweep,500,16,500,10,33066500,3306650.0,3.30665,151210.43956874782,500,500,6,3000
280,sweep,1,9,1,2000,13547625,6773.8125,0.0067738125,147627.35165757834,1,1,6,6
281,fanout_total,10,2,10,500,24828166,49656.332,0.049656332000000004,201384.18600874505,10,10,1,60
282,fanout_total,50,14,50,100,24949750,249497.5,0.2494975,200402.80964739126,50,50,1,300
283,fanout_total,100,23,100,50,25237959,504759.18,0.50475918,198114.27699046506,100,100,1,600
284,fanout_total,100,8,100,50,26560958,531219.16,0.53121916,188246.22214304167,100,100,1,600
285,fanout_subset,1,16,1,2000,10223958,5111.979,0.005111979,195618.95696363383,1,1,1,6
286,fanout_total,10,40,10,500,26204167,52408.334,0.052408334,190809.3472309194,10,10,1,60
287,fanout_subset,100,28,10,500,25329750,50659.5,0.0506595,197396.34224577819,10,10,1,60
288,fanout_subset,10,8,1,2000,10493625,5246.8125,0.0052468125,190591.9069911494,1,1,1,6
289,fanout_total,500,28,500,10,25918625,2591862.5,2.5918625,192911.46810450015,500,500,1,3000
290,sweep,25,31,25,200,28624250,143121.25,0.14312125,174677.06577464912,25,25,6,150
291,fanout_total,500,26,500,10,27126583,2712658.3,2.7126582999999997,184321.04036103626,500,500,1,3000
292,fanout_total,250,8,250,20,25620709,1281035.45,1.2810354499999999,195154.63057638257,250,250,1,1500
293,fanout_subset,250,19,25,200,25466875,127334.375,0.127334375,196333.4724028763,25,25,1,150
294,fanout_subset,50,17,5,1000,25421375,25421.375,0.025421375,196684.8764081408,5,5,1,30
295,fanout_total,500,19,500,10,26303459,2630345.9,2.6303459,190089.0677534084,500,500,1,3000
296,fanout_total,250,22,250,20,25490875,1274543.75,1.27454375,196148.621810746,250,250,1,1500
297,sweep,100,38,100,50,28672209,573444.18,0.5734441800000001,174384.88956327012,100,100,6,600
298,fanout_subset,100,4,10,500,26016166,52032.332,0.052032332,192188.19560115045,10,10,1,60
299,sweep,1,11,1,2000,13366542,6683.271,0.006683270999999999,149627.3306888199,1,1,6,6
300,sweep,25,12,25,200,28591833,142959.165,0.142959165,174875.11206434367,25,25,6,150
301,fanout_total,250,27,250,20,25961375,1298068.75,1.29806875,192593.8052202551,250,250,1,1500
302,fanout_subset,100,18,10,500,25091209,50182.418,0.050182418,199272.9804291216,10,10,1,60
303,fanout_total,1000,28,1000,5,26410417,5282083.4,5.2820834,189319.23717826945,1000,1000,1,6000
304,sweep,10,21,10,500,28666167,57332.334,0.057332334000000006,174421.6448609959,10,10,6,60
305,fanout_subset,1,35,1,2000,10054125,5027.0625,0.0050270625,198923.3274899606,1,1,1,6
306,fanout_subset,500,22,50,100,26088083,260880.83,0.26088083,191658.3905379326,50,50,1,300
307,fanout_subset,25,21,3,1667,25122209,15070.311337732453,0.015070311337732454,199066.8893806273,3,3,1,18
308,fanout_subset,25,14,3,1667,23851875,14308.263347330534,0.014308263347330534,209669.05117522206,3,3,1,18
309,fanout_subset,1000,3,100,50,26651084,533021.68,0.53302168,187609.62968710763,100,100,1,600
310,sweep,250,25,250,20,28241292,1412064.6,1.4120646000000001,177045.72439532864,250,250,6,1500
311,fanout_subset,25,27,3,1667,25000792,14997.475704859029,0.014997475704859028,200033.66293355825,3,3,1,18
312,fanout_total,10,37,10,500,24752750,49505.5,0.0495055,201997.75782488813,10,10,1,60
313,sweep,10,40,10,500,28447292,56894.584,0.056894584000000005,175763.65441040925,10,10,6,60
314,fanout_subset,1,22,1,2000,10415583,5207.7915,0.0052077915,192019.97622216633,1,1,1,6
315,sweep,10,13,10,500,29242834,58485.668,0.058485668,170982.06008350628,10,10,6,60
316,sweep,25,39,25,200,29587875,147939.375,0.147939375,168988.14125718726,25,25,6,150
317,sweep,1,17,1,2000,13585250,6792.625,0.006792625,147218.4906424247,1,1,6,6
318,fanout_subset,1,5,1,2000,10743625,5371.8125,0.0053718125,186156.90700299013,1,1,1,6
319,fanout_subset,50,16,5,1000,25322292,25322.292,0.025322292,197454.48002890102,5,5,1,30
320,fanout_subset,1,18,1,2000,10302958,5151.479,0.0051514790000000005,194119.0093175183,1,1,1,6
321,sweep,250,11,250,20,29723417,1486170.85,1.4861708500000002,168217.53703485706,250,250,6,1500
322,fanout_subset,1,30,1,2000,10973750,5486.875,0.005486875,182253.10399817748,1,1,1,6
323,fanout_subset,1,8,1,2000,10378083,5189.0415,0.0051890415,192713.81814926706,1,1,1,6
324,sweep,100,14,100,50,28816791,576335.82,0.5763358199999999,173509.95119477392,100,100,6,600
325,fanout_subset,1000,5,100,50,28441791,568835.82,0.56883582,175797.6493111844,100,100,1,600
326,fanout_total,1,11,1,2000,11193333,5596.6665,0.0055966665,178677.78971643207,1,1,1,6
327,fanout_subset,500,38,50,100,26033916,260339.16,0.26033916,192057.16112781496,50,50,1,300
328,fanout_subset,50,6,5,1000,25221417,25221.417,0.025221417000000003,198244.21443093382,5,5,1,30
329,fanout_subset,10,12,1,2000,10702833,5351.4165,0.0053514165,186866.4119116873,1,1,1,6
330,sweep,50,19,50,100,28600500,286005.0,0.286005,174822.11849443192,50,50,6,300
331,fanout_subset,1,14,1,2000,11243917,5621.9585,0.0056219584999999996,177873.95620227366,1,1,1,6
332,sweep,1000,23,1000,5,28780000,5756000.0,5.756,173731.75816539265,1000,1000,6,6000
333,fanout_total,25,38,25,200,26258583,131292.915,0.131292915,190413.93056129495,25,25,1,150
334,fanout_subset,1,39,1,2000,10726666,5363.333,0.005363333,186451.22352089646,1,1,1,6
335,fanout_total,100,40,100,50,25113583,502271.66,0.50227166,199095.44567973437,100,100,1,600
336,fanout_total,1,37,1,2000,10332458,5166.229,0.0051662290000000005,193564.78390717873,1,1,1,6
337,sweep,10,10,10,500,28482250,56964.5,0.0569645,175547.92897330795,10,10,6,60
338,sweep,10,3,10,500,27964083,55928.166,0.055928165999999994,178800.78527874488,10,10,6,60
339,sweep,1,6,1,2000,13528959,6764.4795,0.0067644795,147831.0341542169,1,1,6,6
340,sweep,1,19,1,2000,13116875,6558.4375,0.0065584375,152475.34187830563,1,1,6,6
341,fanout_subset,25,36,3,1667,24882583,14926.56448710258,0.01492656448710258,200983.95733272546,3,3,1,18
342,sweep,500,34,500,10,29102084,2910208.4,2.9102083999999997,171809.00171960195,500,500,6,3000
343,fanout_total,50,4,50,100,26210041,262100.41,0.26210041,190766.5844551712,50,50,1,300
344,fanout_subset,10,31,1,2000,9976792,4988.396,0.004988396,200465.2397283616,1,1,1,6
345,sweep,1000,28,1000,5,33866708,6773341.6,6.773341599999999,147637.6150879501,1000,1000,6,6000
346,fanout_total,100,7,100,50,26560583,531211.66,0.5312116600000001,188248.87992857685,100,100,1,600
347,fanout_subset,1000,14,100,50,26928833,538576.66,0.53857666,185674.58901765256,100,100,1,600
348,sweep,500,2,500,10,29139292,2913929.2,2.9139292,171589.6185809868,500,500,6,3000
349,fanout_subset,250,13,25,200,25771834,128859.17,0.12885917,194010.25165690578,25,25,1,150
350,fanout_subset,50,14,5,1000,25128541,25128.541,0.025128541,198976.93224608622,5,5,1,30
351,fanout_total,500,30,500,10,25611333,2561133.3,2.5611333,195226.07433201544,500,500,1,3000
352,fanout_subset,1,13,1,2000,10507292,5253.646,0.005253646,190344.00109942694,1,1,1,6
353,sweep,100,37,100,50,29128875,582577.5,0.5825775,171650.9820581811,100,100,6,600
354,sweep,1,27,1,2000,13849500,6924.75,0.00692475,144409.54547095564,1,1,6,6
355,sweep,1,30,1,2000,13466167,6733.0835,0.0067330835,148520.3621787848,1,1,6,6
356,fanout_total,100,38,100,50,25006500,500130.0,0.50013,199948.01351648572,100,100,1,600
357,fanout_total,250,12,250,20,26857375,1342868.75,1.34286875,186168.6035958466,250,250,1,1500
358,fanout_subset,10,3,1,2000,11032708,5516.354,0.005516354,181279.15648633137,1,1,1,6
359,fanout_subset,250,2,25,200,27660458,138302.29,0.13830229,180763.4566282308,25,25,1,150
360,fanout_subset,250,23,25,200,26440333,132201.665,0.132201665,189105.03131711693,25,25,1,150
361,sweep,100,20,100,50,28761916,575238.32,0.57523832,173840.99167802313,100,100,6,600
362,fanout_subset,100,19,10,500,26689583,53379.166,0.053379166,187339.00788183915,10,10,1,60
363,fanout_total,500,34,500,10,27674625,2767462.5,2.7674625,180670.92146686724,500,500,1,3000
364,fanout_total,1,20,1,2000,10566041,5283.0205,0.0052830205,189285.65580996705,1,1,1,6
365,fanout_total,10,36,10,500,26016042,52032.084,0.052032084,192189.11162581918,10,10,1,60
366,sweep,1,5,1,2000,13775542,6887.771,0.006887771,145184.85007704236,1,1,6,6
367,fanout_total,100,35,100,50,25533250,510665.0,0.510665,195823.09341740672,100,100,1,600
368,sweep,500,15,500,10,29638875,2963887.5,2.9638875,168697.3611515282,500,500,6,3000
369,fanout_subset,1,34,1,2000,10850375,5425.1875,0.0054251875,184325.42654055735,1,1,1,6
370,fanout_subset,1,12,1,2000,10280417,5140.2085,0.0051402085,194544.63763483526,1,1,1,6
371,sweep,1000,9,1000,5,29889500,5977900.0,5.9779,167282.8250723498,1000,1000,6,6000
372,fanout_total,500,32,500,10,26540417,2654041.7,2.6540417,188391.91562061742,500,500,1,3000
373,fanout_total,1,25,1,2000,10237708,5118.854,0.005118854,195356.22621782142,1,1,1,6
374,sweep,1,29,1,2000,13637916,6818.958,0.006818958,146649.97203385035,1,1,6,6
375,fanout_subset,100,38,10,500,25756541,51513.082,0.051513082,194125.44564893242,10,10,1,60
376,fanout_total,1000,21,1000,5,30877875,6175575.0,6.175575,161928.24149977937,1000,1000,1,6000
377,fanout_subset,500,14,50,100,25987875,259878.75,0.25987875,192397.41610270174,50,50,1,300
378,sweep,50,40,50,100,27964333,279643.33,0.27964333,178799.18680699446,50,50,6,300
379,fanout_total,500,35,500,10,26481125,2648112.5,2.6481125,188813.73053448446,500,500,1,3000
380,fanout_total,1000,27,1000,5,27284708,5456941.6,5.4569415999999995,183252.83158610313,1000,1000,1,6000
381,fanout_total,1,2,1,2000,10767041,5383.5205,0.0053835205,185752.0557412199,1,1,1,6
382,fanout_total,250,7,250,20,25787209,1289360.45,1.28936045,193894.57773425578,250,250,1,1500
383,sweep,25,25,25,200,31266625,156333.125,0.156333125,159914.9252597618,25,25,6,150
384,sweep,10,24,10,500,32596250,65192.5,0.0651925,153391.87790006518,10,10,6,60
385,fanout_subset,100,21,10,500,25667333,51334.666,0.051334665999999994,194800.13759123322,10,10,1,60
386,fanout_subset,500,6,50,100,26588875,265888.75,0.26588875,188048.57294639203,50,50,1,300
387,fanout_total,500,18,500,10,26715208,2671520.8,2.6715207999999997,187159.31390090619,500,500,1,3000
388,fanout_total,50,6,50,100,24899291,248992.91,0.24899291,200808.93066392935,50,50,1,300
389,sweep,50,14,50,100,28245125,282451.25,0.28245125,177021.69843468562,50,50,6,300
390,fanout_subset,50,29,5,1000,24600750,24600.75,0.02460075,203245.83600093494,5,5,1,30
391,fanout_subset,25,23,3,1667,25570458,15339.206958608278,0.015339206958608277,195577.2555970644,3,3,1,18
392,fanout_total,250,28,250,20,25953541,1297677.05,1.29767705,192651.93909378297,250,250,1,1500
393,sweep,25,35,25,200,28749833,143749.165,0.143749165,173914.0536920684,25,25,6,150
394,fanout_total,1000,34,1000,5,28512125,5702425.0,5.702425,175363.9898814978,1000,1000,1,6000
395,fanout_total,500,1,500,10,26307417,2630741.7,2.6307417,190060.4684982946,500,500,1,3000
396,fanout_total,25,9,25,200,26717250,133586.25,0.13358625,187145.00931046423,25,25,1,150
397,fanout_total,25,13,25,200,25610833,128054.165,0.128054165,195229.88572843376,25,25,1,150
398,fanout_total,1,35,1,2000,9967875,4983.9375,0.0049839375,200644.57068332017,1,1,1,6
399,fanout_total,1000,22,1000,5,30787000,6157400.0,6.1574,162406.2104134862,1000,1000,1,6000
400,fanout_subset,50,7,5,1000,24964666,24964.666,0.024964666,200283.07208275888,5,5,1,30
401,fanout_subset,500,4,50,100,26765167,267651.67,0.26765167,186809.96834430363,50,50,1,300
402,fanout_subset,1000,29,100,50,27035833,540716.66,0.5407166600000001,184939.74274807805,100,100,1,600
403,fanout_subset,50,15,5,1000,25863000,25863.0,0.025863,193326.37358388433,5,5,1,30
404,sweep,10,28,10,500,29460291,58920.582,0.058920582,169719.98002327947,10,10,6,60
405,sweep,100,13,100,50,27926209,558524.18,0.55852418,179043.27794725017,100,100,6,600
406,sweep,25,2,25,200,28631666,143158.33,0.14315833,174631.8219833942,25,25,6,150
407,sweep,250,29,250,20,29347667,1467383.35,1.4673833500000002,170371.29390898428,250,250,6,1500
408,fanout_total,1000,23,1000,5,26769291,5353858.2,5.3538582,186781.18893772716,1000,1000,1,6000
409,fanout_total,250,30,250,20,25595917,1279795.85,1.2797958500000002,195343.6557869757,250,250,1,1500
410,sweep,100,9,100,50,28296792,565935.84,0.56593584,176698.47521938177,100,100,6,600
411,fanout_total,500,17,500,10,26576584,2657658.4,2.6576584,188135.54066993712,500,500,1,3000
412,fanout_total,1000,12,1000,5,26546334,5309266.8,5.3092668,188349.92432476743,1000,1000,1,6000
413,fanout_total,50,40,50,100,25315542,253155.42,0.25315542,197507.12822976493,50,50,1,300
414,sweep,10,35,10,500,30498416,60996.832,0.060996832,163942.94051205806,10,10,6,60
415,sweep,100,25,100,50,28201708,564034.16,0.5640341600000001,177294.22629296067,100,100,6,600
416,fanout_subset,1,38,1,2000,10454958,5227.479,0.005227479,191296.79908804988,1,1,1,6
417,fanout_subset,1,24,1,2000,10238833,5119.4165,0.0051194165000000005,195334.76129554998,1,1,1,6
418,fanout_subset,10,16,1,2000,10210834,5105.417,0.005105417,195870.38629753457,1,1,1,6
419,sweep,1000,25,1000,5,29885250,5977050.0,5.97705,167306.61446700295,1000,1000,6,6000
420,fanout_total,50,31,50,100,24542042,245420.42,0.24542042,203732.02849216867,50,50,1,300
421,fanout_subset,100,34,10,500,25766042,51532.084,0.051532084000000006,194053.86360854335,10,10,1,60
422,fanout_subset,10,13,1,2000,10447083,5223.5415,0.0052235415000000006,191440.99841075254,1,1,1,6
423,fanout_total,1,17,1,2000,9722833,4861.4165,0.0048614165,205701.36296694595,1,1,1,6
424,sweep,100,15,100,50,27896000,557920.0,0.55792,179237.16661887008,100,100,6,600
425,sweep,250,39,250,20,28181833,1409091.65,1.40909165,177419.26155051732,250,250,6,1500
426,fanout_total,50,11,50,100,25602792,256027.92,0.25602792,195291.20105338513,50,50,1,300
427,fanout_subset,500,36,50,100,26822708,268227.08,0.26822708,186409.21714541275,50,50,1,300
428,sweep,500,33,500,10,28724958,2872495.8,2.8724958,174064.65833648914,500,500,6,3000
429,sweep,1000,6,1000,5,33400416,6680083.2,6.6800832,149698.73429121362,1000,1000,6,6000
430,fanout_subset,1,4,1,2000,10149042,5074.521,0.005074520999999999,197062.93460998588,1,1,1,6
431,sweep,10,17,10,500,28363750,56727.5,0.0567275,176281.34502666254,10,10,6,60
432,fanout_total,1,1,1,2000,10640542,5320.271,0.005320271,187960.35014005867,1,1,1,6
433,fanout_subset,500,2,50,100,26000666,260006.66,0.26000666,192302.76639836843,50,50,1,300
434,fanout_subset,100,1,10,500,25508583,51017.166,0.051017165999999996,196012.45588592673,10,10,1,60
435,sweep,100,21,100,50,28316083,566321.66,0.5663216600000001,176578.09521182714,100,100,6,600
436,fanout_subset,1000,4,100,50,26933375,538667.5,0.5386675,185643.27716077171,100,100,1,600
437,fanout_total,250,26,250,20,25476666,1273833.3,1.2738333,196258.01900452748,250,250,1,1500
438,sweep,500,22,500,10,29867250,2986725.0,2.986725,167407.44460906176,500,500,6,3000
439,fanout_subset,25,8,3,1667,25045000,15023.995200959807,0.015023995200959808,199680.5749650629,3,3,1,18
440,fanout_total,10,23,10,500,26079083,52158.166,0.052158166,191724.53264556886,10,10,1,60
441,fanout_total,100,21,100,50,25410125,508202.5,0.5082025,196771.9560608222,100,100,1,600
442,fanout_total,25,27,25,200,25733333,128666.665,0.12866666499999999,194300.52065156115,25,25,1,150
443,fanout_total,100,10,100,50,26299750,525995.0,0.525995,190115.87562619415,100,100,1,600
444,fanout_subset,1000,23,100,50,26990708,539814.16,0.53981416,185248.9382642352,100,100,1,600
445,fanout_subset,10,25,1,2000,10730833,5365.4165,0.0053654165,186378.82073087894,1,1,1,6
446,fanout_subset,25,4,3,1667,26319625,15788.617276544692,0.01578861727654469,190010.30599790078,3,3,1,18
447,sweep,1,37,1,2000,13306541,6653.2705,0.0066532705,150302.02063782015,1,1,6,6
448,fanout_subset,100,16,10,500,26769167,53538.334,0.053538334,186782.054144606,10,10,1,60
449,fanout_subset,1,21,1,2000,10677625,5338.8125,0.0053388125,187307.57073787478,1,1,1,6
450,fanout_total,500,7,500,10,27497041,2749704.1,2.7497041,181837.74755981925,500,500,1,3000
451,fanout_subset,250,12,25,200,26049542,130247.71,0.13024771000000002,191941.9542961638,25,25,1,150
452,sweep,1,18,1,2000,13109458,6554.729,0.0065547290000000005,152561.608572986,1,1,6,6
453,fanout_subset,25,1,3,1667,24774792,14861.902819436113,0.014861902819436112,201858.40510790164,3,3,1,18
454,sweep,10,11,10,500,28480750,56961.5,0.0569615,175557.17458283226,10,10,6,60
455,sweep,250,23,250,20,27840000,1392000.0,1.392,179597.7011494253,250,250,6,1500
456,sweep,1000,2,1000,5,29940291,5988058.2,5.9880582,166999.04486566279,1000,1000,6,6000
457,fanout_total,1,40,1,2000,10290083,5145.0415,0.0051450415,194361.89193031777,1,1,1,6
458,fanout_total,250,24,250,20,29508583,1475429.15,1.4754291499999999,169442.22635156693,250,250,1,1500
459,sweep,250,38,250,20,28027709,1401385.45,1.40138545,178394.88771629534,250,250,6,1500
460,sweep,1000,29,1000,5,30156625,6031325.0,6.031325,165801.04703361203,1000,1000,6,6000
461,fanout_subset,1000,33,100,50,26779833,535596.66,0.5355966600000001,186707.6616945296,100,100,1,600
462,fanout_total,500,36,500,10,26199542,2619954.2,2.6199542,190843.0307674844,500,500,1,3000
463,sweep,250,26,250,20,28203375,1410168.75,1.41016875,177283.74706927803,250,250,6,1500
464,fanout_total,100,13,100,50,24996708,499934.16,0.49993415999999996,200026.33946838122,100,100,1,600
465,sweep,25,21,25,200,28006917,140034.585,0.140034585,178527.325945944,25,25,6,150
466,fanout_subset,500,32,50,100,26558917,265589.17,0.26558917,188260.6884911761,50,50,1,300
467,fanout_total,100,31,100,50,25365416,507308.32,0.50730832,197118.78567258667,100,100,1,600
468,sweep,100,1,100,50,27757292,555145.84,0.55514584,180132.84581219236,100,100,6,600
469,sweep,25,14,25,200,29112041,145560.205,0.145560205,171750.23901622015,25,25,6,150
470,fanout_total,1000,15,1000,5,31365541,6273108.2,6.2731082,159410.60924152398,1000,1000,1,6000
471,sweep,100,2,100,50,28781209,575624.18,0.57562418,173724.46028935057,100,100,6,600
472,fanout_total,250,32,250,20,25326583,1266329.15,1.26632915,197421.02596311553,250,250,1,1500
473,fanout_total,100,33,100,50,25891625,517832.5,0.5178325,193112.6377737975,100,100,1,600
474,fanout_total,1000,40,1000,5,27855333,5571066.6,5.5710666,179498.8413888285,1000,1000,1,6000
475,sweep,1000,22,1000,5,29765750,5953150.0,5.95315,167978.29720400125,1000,1000,6,6000
476,fanout_subset,500,33,50,100,26248166,262481.66,0.26248165999999995,190489.49934254456,50,50,1,300
477,sweep,1,14,1,2000,13587417,6793.7085,0.0067937085,147195.01138443017,1,1,6,6
478,fanout_total,1,24,1,2000,10324333,5162.1665,0.0051621665,193717.1147036811,1,1,1,6
479,fanout_total,250,35,250,20,26757292,1337864.6,1.3378646,186864.94881470068,250,250,1,1500
480,fanout_subset,50,22,5,1000,25225792,25225.792,0.025225792,198209.83222251257,5,5,1,30
481,fanout_subset,1,29,1,2000,10764500,5382.25,0.00538225,185795.90320033443,1,1,1,6
482,sweep,100,17,100,50,28280542,565610.84,0.56561084,176800.00616678424,100,100,6,600
483,fanout_subset,25,40,3,1667,25288750,15170.215956808639,0.015170215956808638,197755.91913400227,3,3,1,18
484,fanout_total,1,5,1,2000,11063542,5531.771,0.0055317709999999996,180773.93297734126,1,1,1,6
485,sweep,25,9,25,200,29846916,149234.58,0.14923457999999998,167521.49535315478,25,25,6,150
486,fanout_total,10,29,10,500,26956417,53912.834,0.053912834,185484.59166513116,10,10,1,60
487,fanout_subset,25,32,3,1667,25197875,15115.701859628074,0.015115701859628074,198469.11693942445,3,3,1,18
488,fanout_total,10,18,10,500,24664667,49329.334,0.049329334,202719.1366500103,10,10,1,60
489,fanout_total,50,3,50,100,25236167,252361.67,0.25236167000000004,198128.34492654924,50,50,1,300
490,sweep,25,6,25,200,27949791,139748.955,0.13974895499999998,178892.214256629,25,25,6,150
491,sweep,1000,8,1000,5,30130292,6026058.4,6.0260584,165945.9523326226,1000,1000,6,6000
492,fanout_subset,100,3,10,500,25161458,50322.916,0.050322915999999995,198716.62444998222,10,10,1,60
493,fanout_subset,250,15,25,200,25668666,128343.33,0.12834333,194790.0214214482,25,25,1,150
494,fanout_subset,10,9,1,2000,10918875,5459.4375,0.0054594375,183169.05358839626,1,1,1,6
495,sweep,100,18,100,50,28194416,563888.32,0.56388832,177340.08039038655,100,100,6,600
496,sweep,1000,34,1000,5,31177625,6235525.0,6.235525,160371.42020920452,1000,1000,6,6000
497,fanout_subset,1,31,1,2000,10476958,5238.479,0.005238479,190895.10523951706,1,1,1,6
498,fanout_subset,25,20,3,1667,28215791,16926.089382123577,0.016926089382123578,177241.17675807848,3,3,1,18
499,sweep,50,12,50,100,27306875,273068.75,0.27306875,183104.07177679613,50,50,6,300
500,fanout_subset,100,14,10,500,25976375,51952.75,0.05195275,192482.59235555385,10,10,1,60
501,fanout_total,10,33,10,500,26023667,52047.334,0.052047334,192132.7997318748,10,10,1,60
502,sweep,50,39,50,100,28106417,281064.17,0.28106417,177895.31835381224,50,50,6,300
503,sweep,25,29,25,200,28820542,144102.71,0.14410271,173487.36883574224,25,25,6,150
504,sweep,25,38,25,200,29219625,146098.125,0.146098125,171117.87026698663,25,25,6,150
505,sweep,25,18,25,200,28049917,140249.585,0.14024958499999998,178253.6468824489,25,25,6,150
506,sweep,100,6,100,50,28512042,570240.84,0.57024084,175364.50037496438,100,100,6,600
507,fanout_subset,50,21,5,1000,25999417,25999.417,0.025999417,192312.00453456322,5,5,1,30
508,fanout_total,500,22,500,10,26675459,2667545.9,2.6675459,187438.19928271903,500,500,1,3000
509,sweep,1,34,1,2000,14021000,7010.5,0.0070105,142643.17809000783,1,1,6,6
510,fanout_subset,50,27,5,1000,26349625,26349.625,0.026349625,189756.02119574757,5,5,1,30
511,fanout_total,1000,11,1000,5,30928458,6185691.6,6.185691599999999,161663.41044225355,1000,1000,1,6000
512,fanout_total,50,36,50,100,25710834,257108.34,0.25710834,194470.54887445504,50,50,1,300
513,fanout_subset,50,39,5,1000,25365291,25365.291,0.025365291,197119.7570727653,5,5,1,30
514,fanout_subset,10,28,1,2000,10337875,5168.9375,0.0051689375,193463.3568310702,1,1,1,6
515,fanout_total,50,22,50,100,26568500,265685.0,0.265685,188192.78468863506,50,50,1,300
516,sweep,100,5,100,50,27883250,557665.0,0.557665,179319.12528130686,100,100,6,600
517,fanout_subset,500,7,50,100,26321042,263210.42,0.26321042,189962.0843278165,50,50,1,300
518,fanout_subset,1000,40,100,50,26898958,537979.16,0.53797916,185880.8062379219,100,100,1,600
519,fanout_subset,1,33,1,2000,10389041,5194.5205,0.0051945205,192510.55030007102,1,1,1,6
520,fanout_total,10,32,10,500,25223000,50446.0,0.050446,198231.7725885105,10,10,1,60
521,fanout_total,25,23,25,200,25052000,125260.0,0.12526,199584.86348395338,25,25,1,150
522,fanout_subset,10,36,1,2000,10204708,5102.354,0.005102354,195987.96947448177,1,1,1,6
523,sweep,25,32,25,200,28763917,143819.585,0.143819585,173828.89819908742,25,25,6,150
524,fanout_total,50,19,50,100,25405083,254050.83,0.25405083,196811.00825374198,50,50,1,300
525,fanout_total,25,17,25,200,25574750,127873.75,0.12787375,195505.3324079414,25,25,1,150
526,fanout_subset,100,39,10,500,25359375,50718.75,0.05071875,197165.7424522489,10,10,1,60
527,fanout_total,25,22,25,200,25558541,127792.705,0.127792705,195629.32015563798,25,25,1,150
528,fanout_total,50,9,50,100,25279000,252790.0,0.25279,197792.6342023023,50,50,1,300
529,fanout_subset,1,40,1,2000,10421625,5210.8125,0.0052108125,191908.6514818946,1,1,1,6
530,fanout_total,10,9,10,500,25712250,51424.5,0.0514245,194459.839181713,10,10,1,60
531,fanout_total,25,5,25,200,25138125,125690.625,0.125690625,198901.07157952315,25,25,1,150
532,fanout_subset,100,9,10,500,25811875,51623.75,0.05162375,193709.2907818591,10,10,1,60
533,sweep,1,32,1,2000,13231667,6615.8335,0.0066158334999999995,151152.53429518745,1,1,6,6
534,sweep,250,37,250,20,28652458,1432622.9,1.4326229,174505.0983060511,250,250,6,1500
535,fanout_subset,100,35,10,500,25179667,50359.334,0.050359334000000006,198572.91996752776,10,10,1,60
536,fanout_subset,1000,21,100,50,25673959,513479.18,0.51347918,194749.86308110875,100,100,1,600
537,fanout_total,100,2,100,50,25045000,500900.0,0.5009,199640.64683569575,100,100,1,600
538,fanout_total,100,3,100,50,26071584,521431.68,0.52143168,191779.6785956695,100,100,1,600
539,fanout_subset,500,10,50,100,25835917,258359.17,0.25835917,193529.03169645573,50,50,1,300
540,fanout_subset,10,23,1,2000,9910542,4955.271,0.004955271,201805.30994167627,1,1,1,6
541,fanout_total,100,29,100,50,24773084,495461.68,0.49546168,201831.95600515464,100,100,1,600
542,fanout_subset,50,35,5,1000,24215500,24215.5,0.0242155,206479.32109599226,5,5,1,30
543,fanout_subset,500,1,50,100,25432083,254320.83,0.25432083,196602.06362176468,50,50,1,300
544,fanout_subset,250,40,25,200,24499875,122499.375,0.122499375,204082.67389119332,25,25,1,150
545,fanout_total,500,25,500,10,26151458,2615145.8,2.6151457999999996,191193.92884327902,500,500,1,3000
546,fanout_subset,1,36,1,2000,9831667,4915.8335,0.004915833499999999,203424.30230804198,1,1,1,6
547,sweep,10,32,10,500,27084500,54169.0,0.054169,184607.4322952242,10,10,6,60
548,fanout_subset,500,21,50,100,24872125,248721.25,0.24872125,201028.25954758588,50,50,1,300
549,fanout_total,1,3,1,2000,10423333,5211.6665,0.0052116665,191877.20472904394,1,1,1,6
550,fanout_subset,500,40,50,100,26424375,264243.75,0.26424375,189219.23413514986,50,50,1,300
551,fanout_subset,250,17,25,200,25399709,126998.545,0.126998545,196852.64898113595,25,25,1,150
552,fanout_subset,1,17,1,2000,10259792,5129.896,0.005129896,194935.72579249172,1,1,1,6
553,fanout_subset,25,16,3,1667,24761625,14854.004199160168,0.014854004199160168,201965.74336296588,3,3,1,18
554,fanout_subset,50,1,5,1000,24834750,24834.75,0.02483475,201330.7965652966,5,5,1,30
555,fanout_subset,250,38,25,200,25173209,125866.045,0.125866045,198623.86237686267,25,25,1,150
556,fanout_total,50,1,50,100,24682917,246829.17,0.24682917000000001,202569.2506278735,50,50,1,300
557,fanout_total,10,10,10,500,25384417,50768.834,0.050768834000000006,196971.236329753,10,10,1,60
558,sweep,250,30,250,20,28072292,1403614.6,1.4036146,178111.5699423474,250,250,6,1500
559,fanout_subset,250,25,25,200,25892583,129462.915,0.12946291499999998,193105.49279691407,25,25,1,150
560,fanout_total,100,24,100,50,26587042,531740.84,0.53174084,188061.53764679804,100,100,1,600
561,fanout_subset,1000,16,100,50,27164292,543285.84,0.54328584,184065.16908300057,100,100,1,600
562,fanout_subset,250,8,25,200,27571125,137855.625,0.137855625,181349.1469789499,25,25,1,150
563,fanout_subset,25,24,3,1667,25707208,15421.240551889621,0.015421240551889622,194536.87852838784,3,3,1,18
564,fanout_total,10,35,10,500,25634958,51269.916,0.051269916,195046.1553321055,10,10,1,60
565,fanout_total,50,26,50,100,26080541,260805.41,0.26080541,191713.8145255499,50,50,1,300
566,fanout_total,500,23,500,10,27150167,2715016.7,2.7150167,184160.92983884778,500,500,1,3000
567,fanout_total,1,21,1,2000,11161417,5580.7085,0.0055807085,179188.7177049294,1,1,1,6
568,fanout_subset,25,18,3,1667,26648625,15985.977804439111,0.01598597780443911,187664.46674077932,3,3,1,18
569,fanout_subset,1,3,1,2000,10715375,5357.6875,0.0053576875,186647.69081810015,1,1,1,6
570,sweep,100,8,100,50,28409000,568180.0,0.56818,176000.56320180223,100,100,6,600
571,fanout_total,250,20,250,20,26860084,1343004.2,1.3430042,186149.82737954208,250,250,1,1500
572,fanout_total,10,1,10,500,34898625,69797.25,0.06979725,143272.12031992665,10,10,1,60
573,fanout_subset,50,12,5,1000,31381666,31381.666,0.031381666,159328.6984827383,5,5,1,30
574,fanout_total,100,14,100,50,30071125,601422.5,0.6014225,166272.46237046339,100,100,1,600
575,fanout_total,100,36,100,50,26484000,529680.0,0.52968,188793.23365050595,100,100,1,600
576,fanout_subset,1000,6,100,50,35856208,717124.16,0.71712416,139445.86666833257,100,100,1,600
577,fanout_total,25,39,25,200,26303917,131519.585,0.131519585,190085.7579500422,25,25,1,150
578,sweep,1,38,1,2000,13192458,6596.229,0.006596229,151601.77125445462,1,1,6,6
579,sweep,10,27,10,500,28593958,57187.916,0.057187916,174862.1159756897,10,10,6,60
580,fanout_subset,1000,32,100,50,30643250,612865.0,0.612865,163168.07127181353,100,100,1,600
581,fanout_subset,250,27,25,200,26755750,133778.75,0.13377875,186875.71830354223,25,25,1,150
582,fanout_subset,25,39,3,1667,25223834,15131.274145170966,0.015131274145170966,198264.863303493,3,3,1,18
583,fanout_total,100,12,100,50,27349000,546980.0,0.54698,182822.04102526602,100,100,1,600
584,fanout_subset,10,5,1,2000,11139875,5569.9375,0.0055699375,179535.22817805407,1,1,1,6
585,sweep,100,32,100,50,27957416,559148.32,0.5591483199999999,178843.4238700744,100,100,6,600
586,fanout_total,25,30,25,200,25384417,126922.085,0.12692208500000002,196971.236329753,25,25,1,150
587,fanout_total,100,39,100,50,27451292,549025.84,0.54902584,182140.78958469423,100,100,1,600
588,fanout_subset,250,5,25,200,26512166,132560.83,0.13256083,188592.66345873065,25,25,1,150
589,sweep,50,35,50,100,28762542,287625.42,0.28762541999999997,173837.20812993514,50,50,6,300
590,fanout_subset,10,18,1,2000,11070500,5535.25,0.00553525,180660.3134456438,1,1,1,6
591,fanout_subset,100,37,10,500,25757708,51515.416,0.051515415999999994,194116.65044110292,10,10,1,60
592,fanout_total,1,16,1,2000,10801250,5400.625,0.005400625,185163.75419511631,1,1,1,6
593,sweep,25,4,25,200,29160000,145800.0,0.1458,171467.76406035665,25,25,6,150
594,fanout_total,50,30,50,100,25250834,252508.34,0.25250834,198013.2616609812,50,50,1,300
595,fanout_subset,10,11,1,2000,10743417,5371.7085,0.0053717085,186160.51112974578,1,1,1,6
596,fanout_total,10,24,10,500,25191125,50382.25,0.05038225,198482.600519032,10,10,1,60
597,fanout_subset,10,33,1,2000,10471750,5235.875,0.005235875,190990.04464392294,1,1,1,6
598,fanout_subset,250,6,25,200,25961334,129806.67,0.12980666999999999,192594.10937820066,25,25,1,150
599,fanout_total,50,21,50,100,25446625,254466.25,0.25446625,196489.71130749167,50,50,1,300
600,sweep,500,31,500,10,29218042,2921804.2,2.9218042000000004,171127.14123691106,500,500,6,3000
601,fanout_subset,50,32,5,1000,24761709,24761.709,0.024761709,201924.67329294598,5,5,1,30
602,sweep,1000,19,1000,5,29855417,5971083.4,5.9710834,167473.79545896142,1000,1000,6,6000
603,fanout_subset,25,17,3,1667,24977042,14983.228554289142,0.014983228554289142,200223.8695839163,3,3,1,18
604,fanout_subset,250,9,25,200,25158667,125793.335,0.125793335,198738.66926256465,25,25,1,150
605,fanout_subset,10,4,1,2000,10392417,5196.2085,0.0051962085,192448.01281549808,1,1,1,6
606,fanout_subset,1,1,1,2000,9896167,4948.0835,0.0049480834999999996,202098.44882367083,1,1,1,6
607,fanout_total,100,28,100,50,25211750,504235.0,0.504235,198320.22767162137,100,100,1,600
608,fanout_subset,1,6,1,2000,9958875,4979.4375,0.0049794375,200825.89649935358,1,1,1,6
609,fanout_subset,25,10,3,1667,25262000,15154.169166166766,0.015154169166166766,197965.32341065633,3,3,1,18
610,fanout_subset,10,21,1,2000,10664875,5332.4375,0.0053324375,187531.49943154515,1,1,1,6
611,fanout_subset,500,5,50,100,26087084,260870.84,0.26087084,191665.73006013242,50,50,1,300
612,sweep,1000,38,1000,5,30938334,6187666.8,6.1876668,161611.80495368625,1000,1000,6,6000
613,sweep,500,23,500,10,29056625,2905662.5,2.9056625,172077.79637173968,500,500,6,3000
614,fanout_subset,1,23,1,2000,10255416,5127.708,0.005127708,195018.90513266358,1,1,1,6
615,sweep,50,31,50,100,29018708,290187.08,0.29018708000000004,172302.64007618808,50,50,6,300
616,sweep,250,16,250,20,32057333,1602866.65,1.60286665,155970.55438142657,250,250,6,1500
617,fanout_subset,1000,36,100,50,25581000,511620.0,0.51162,195457.56616238615,100,100,1,600
618,sweep,500,5,500,10,29577042,2957704.2,2.9577042000000002,169050.03549712643,500,500,6,3000
619,fanout_subset,100,20,10,500,24726375,49452.75,0.04945275,202213.22373376606,10,10,1,60
620,sweep,1,21,1,2000,12904583,6452.2915,0.0064522915,154983.6984271402,1,1,6,6
621,fanout_total,50,16,50,100,24640708,246407.08,0.24640708,202916.24737406085,50,50,1,300
622,fanout_total,10,4,10,500,25510750,51021.5,0.0510215,195995.80568975824,10,10,1,60
623,sweep,100,4,100,50,28164667,563293.34,0.56329334,177527.39629408723,100,100,6,600
624,sweep,1,3,1,2000,16316958,8158.479,0.008158479,122571.86664327994,1,1,6,6
625,fanout_subset,1000,26,100,50,29523375,590467.5,0.5904675,169357.3312671739,100,100,1,600
626,sweep,250,1,250,20,30760584,1538029.2,1.5380292,162545.67858659642,250,250,6,1500
627,fanout_subset,10,2,1,2000,10095083,5047.5415,0.005047541500000001,198116.2512482562,1,1,1,6
628,fanout_subset,25,5,3,1667,26529583,15914.566886622675,0.015914566886622676,188506.54380809527,3,3,1,18
629,fanout_subset,10,14,1,2000,10189417,5094.7085,0.0050947085,196282.08365601292,1,1,1,6
630,sweep,1000,36,1000,5,29646083,5929216.6,5.929216599999999,168656.34492084503,1000,1000,6,6000
631,fanout_total,250,10,250,20,25697000,1284850.0,1.28485,194575.2422461766,250,250,1,1500
632,fanout_subset,10,27,1,2000,10396084,5198.042,0.005198042,192380.13082618415,1,1,1,6
633,fanout_subset,500,3,50,100,25559166,255591.66,0.25559166,195624.5364187548,50,50,1,300
634,fanout_total,1,33,1,2000,10530291,5265.1455,0.0052651454999999995,189928.2745367626,1,1,1,6
635,sweep,100,30,100,50,28223000,564460.0,0.56446,177160.47195549728,100,100,6,600
636,sweep,10,7,10,500,27777583,55555.166,0.055555165999999996,180001.26216885034,10,10,6,60
637,fanout_subset,10,19,1,2000,10028417,5014.2085,0.0050142085,199433.27047529037,1,1,1,6
638,sweep,250,33,250,20,27709250,1385462.5,1.3854625,180445.15820529245,250,250,6,1500
639,fanout_subset,500,9,50,100,25538292,255382.92,0.25538292,195784.43225568882,50,50,1,300
640,fanout_total,1000,17,1000,5,26675875,5335175.0,5.335175,187435.2762561678,1000,1000,1,6000
641,fanout_subset,1000,34,100,50,25811541,516230.82,0.51623082,193711.79737002144,100,100,1,600
642,fanout_subset,500,31,50,100,25754334,257543.34,0.25754334,194142.08109594294,50,50,1,300
643,fanout_subset,25,30,3,1667,24615542,14766.371925614878,0.014766371925614879,203164.3260180905,3,3,1,18
644,sweep,1000,16,1000,5,29683167,5936633.4,5.936633400000001,168445.6378930186,1000,1000,6,6000
645,sweep,50,24,50,100,28040291,280402.91,0.28040290999999995,178314.8398852209,50,50,6,300
646,fanout_subset,1,27,1,2000,10449708,5224.854,0.005224854,191392.90782096493,1,1,1,6
647,fanout_subset,250,31,25,200,26519458,132597.29,0.13259729,188540.80652779553,25,25,1,150
648,fanout_subset,100,12,10,500,26365542,52731.084,0.052731084000000004,189641.46460558253,10,10,1,60
649,fanout_subset,1000,20,100,50,26282875,525657.5,0.5256575,190237.94010358458,100,100,1,600
650,sweep,500,14,500,10,30222792,3022279.2,3.0222792000000003,165438.05747662226,500,500,6,3000
651,sweep,250,2,250,20,28664000,1433200.0,1.4332,174434.83114708346,250,250,6,1500
652,fanout_subset,1000,12,100,50,27676542,553530.84,0.55353084,180658.4073978606,100,100,1,600
653,fanout_subset,10,39,1,2000,10812667,5406.3335,0.0054063335,184968.24141536962,1,1,1,6
654,sweep,50,1,50,100,27486208,274862.08,0.27486208,181909.4143506445,50,50,6,300
655,sweep,10,20,10,500,27508791,55017.582,0.055017582,181760.0780783132,10,10,6,60
656,fanout_total,50,13,50,100,25030333,250303.33,0.25030333,199757.6300722807,50,50,1,300
657,fanout_subset,10,26,1,2000,10352208,5176.104,0.005176104,193195.4999358591,1,1,1,6
658,fanout_subset,10,6,1,2000,10554583,5277.2915,0.0052772915000000005,189491.14332607927,1,1,1,6
659,fanout_total,500,38,500,10,25532459,2553245.9,2.5532459,195829.1600507417,500,500,1,3000
660,fanout_total,10,7,10,500,25220833,50441.666,0.050441665999999996,198248.80486699232,10,10,1,60
661,sweep,1,36,1,2000,12815000,6407.5,0.0064075,156067.10885680842,1,1,6,6
662,fanout_subset,250,34,25,200,25141292,125706.46,0.12570646000000002,198876.01639565697,25,25,1,150
663,fanout_total,500,8,500,10,29665458,2966545.8,2.9665458,168546.19267971526,500,500,1,3000
664,fanout_total,1,7,1,2000,10489125,5244.5625,0.0052445625,190673.6739241834,1,1,1,6
665,sweep,1000,11,1000,5,30325292,6065058.4,6.065058400000001,164878.87404348818,1000,1000,6,6000
666,fanout_subset,1,26,1,2000,10607583,5303.7915,0.0053037915,188544.3649132889,1,1,1,6
667,fanout_total,1000,16,1000,5,26506042,5301208.4,5.3012084,188636.23622116045,1000,1000,1,6000
668,fanout_subset,50,25,5,1000,27671458,27671.458,0.027671458,180691.59926448402,5,5,1,30
669,fanout_subset,100,26,10,500,26035708,52071.416,0.052071415999999995,192043.94211211774,10,10,1,60
670,fanout_subset,1000,9,100,50,26593750,531875.0,0.531875,188014.1010575793,100,100,1,600
671,sweep,100,28,100,50,29240125,584802.5,0.5848025,170997.9010007652,100,100,6,600
672,fanout_subset,1,10,1,2000,10154459,5077.2295,0.0050772295000000005,196957.80937221766,1,1,1,6
673,fanout_subset,1,25,1,2000,9992375,4996.1875,0.0049961875,200152.61636998213,1,1,1,6
674,fanout_total,50,17,50,100,25598750,255987.5,0.2559875,195322.03720884808,50,50,1,300
675,sweep,10,5,10,500,28050500,56101.0,0.056101,178249.94206876884,10,10,6,60
676,fanout_total,50,33,50,100,25195375,251953.75,0.25195375,198449.12012621365,50,50,1,300
677,fanout_subset,500,25,50,100,25544042,255440.42,0.25544042,195740.36090294557,50,50,1,300
678,sweep,250,7,250,20,30035125,1501756.25,1.50175625,166471.7559857001,250,250,6,1500
679,sweep,10,39,10,500,30658583,61317.166,0.061317166,163086.46749916655,10,10,6,60
680,fanout_subset,250,14,25,200,26074458,130372.29,0.13037229,191758.54010081437,25,25,1,150
681,fanout_total,1000,26,1000,5,27428584,5485716.8,5.4857168,182291.58311635774,1000,1000,1,6000
682,fanout_subset,10,24,1,2000,10700792,5350.396,0.0053503959999999995,186902.0536050042,1,1,1,6
683,fanout_total,1000,31,1000,5,27405125,5481025.0,5.481025,182447.62612832454,1000,1000,1,6000
684,sweep,250,34,250,20,29046458,1452322.9,1.4523229,172138.02798262014,250,250,6,1500
685,sweep,25,23,25,200,28437083,142185.415,0.142185415,175826.75410132605,25,25,6,150
686,fanout_total,10,8,10,500,25913458,51826.916,0.051826916,192949.93358277387,10,10,1,60
687,fanout_subset,250,3,25,200,25980792,129903.96,0.12990396,192449.86834889403,25,25,1,150
688,fanout_subset,500,8,50,100,25352375,253523.75,0.25352375,197220.1815411771,50,50,1,300
689,sweep,1,4,1,2000,12788750,6394.375,0.006394375,156387.44990714494,1,1,6,6
690,fanout_total,500,39,500,10,26114791,2611479.1,2.6114791,191462.37854248958,500,500,1,3000
691,fanout_total,1000,14,1000,5,30259833,6051966.6,6.051966599999999,165235.54508711267,1000,1000,1,6000
692,fanout_total,50,39,50,100,24984250,249842.5,0.2498425,200126.0794300409,50,50,1,300
693,fanout_total,10,12,10,500,25531709,51063.418,0.051063418,195834.91257870753,10,10,1,60
694,sweep,10,4,10,500,28344708,56689.416,0.056689416,176399.77099076132,10,10,6,60
695,sweep,1000,39,1000,5,29972834,5994566.8,5.994566799999999,166817.72567785883,1000,1000,6,6000
696,fanout_total,1,13,1,2000,10631375,5315.6875,0.0053156875,188122.42066524792,1,1,1,6
697,sweep,100,19,100,50,29096334,581926.68,0.58192668,171842.95451103908,100,100,6,600
698,fanout_subset,250,26,25,200,26049500,130247.5,0.1302475,191942.26376705884,25,25,1,150
699,fanout_subset,250,20,25,200,26055000,130275.0,0.130275,191901.74630589137,25,25,1,150
700,fanout_total,10,21,10,500,26537166,53074.332,0.053074332,188414.99502998925,10,10,1,60
701,fanout_total,1,32,1,2000,10560916,5280.458,0.005280458,189377.51232942296,1,1,1,6
702,fanout_total,1,34,1,2000,10959667,5479.8335,0.0054798335,182487.29637497198,1,1,1,6
703,fanout_subset,250,39,25,200,27672791,138363.955,0.13836395499999998,180682.89533932446,25,25,1,150
704,fanout_subset,1000,19,100,50,28626791,572535.82,0.5725358199999999,174661.56091334164,100,100,1,600
705,fanout_total,25,31,25,200,25887625,129438.125,0.129438125,193142.47637626086,25,25,1,150
706,fanout_total,500,10,500,10,26339584,2633958.4,2.6339584,189828.35871667528,500,500,1,3000
707,fanout_subset,100,10,10,500,25373875,50747.75,0.05074775,197053.07131843283,10,10,1,60
708,sweep,1000,24,1000,5,30762000,6152400.0,6.1524,162538.1964761719,1000,1000,6,6000
709,sweep,50,23,50,100,32105416,321054.16,0.32105416,155736.9635079639,50,50,6,300
710,fanout_total,10,15,10,500,26912833,53825.666,0.053825665999999994,185784.97477393036,10,10,1,60
711,sweep,10,36,10,500,29508917,59017.834,0.059017834000000005,169440.30850064743,10,10,6,60
712,fanout_subset,500,19,50,100,26796000,267960.0,0.26796,186595.0141812211,50,50,1,300
713,sweep,500,4,500,10,30562250,3056225.0,3.056225,163600.5202496544,500,500,6,3000
714,fanout_total,1,9,1,2000,11191416,5595.708,0.005595708,178708.39579191766,1,1,1,6
715,fanout_total,10,5,10,500,26018375,52036.75,0.05203675,192171.8785281556,10,10,1,60
716,fanout_total,1000,20,1000,5,27937625,5587525.0,5.587525,178970.1164648033,1000,1000,1,6000
717,fanout_total,25,2,25,200,25206333,126031.665,0.126031665,198362.84793984116,25,25,1,150
718,sweep,50,20,50,100,29051250,290512.5,0.2905125,172109.63383675402,50,50,6,300
719,fanout_subset,1000,7,100,50,27031875,540637.5,0.5406375,184966.82157637973,100,100,1,600
720,fanout_total,500,9,500,10,31707208,3170720.8,3.1707208,157692.85015571222,500,500,1,3000
721,fanout_total,10,31,10,500,25546584,51093.168,0.051093168,195720.8838567223,10,10,1,60
722,fanout_subset,50,3,5,1000,26569333,26569.333,0.026569332999999997,188186.88448069058,5,5,1,30
723,sweep,250,12,250,20,28334625,1416731.25,1.41673125,176462.54361933502,250,250,6,1500
724,fanout_subset,250,4,25,200,24841833,124209.165,0.124209165,201273.3923458869,25,25,1,150
725,fanout_subset,100,24,10,500,25706333,51412.666,0.051412665999999996,194504.59931410677,10,10,1,60
726,fanout_total,25,40,25,200,25871417,129357.085,0.129357085,193263.47683236675,25,25,1,150
727,fanout_subset,50,19,5,1000,25841625,25841.625,0.025841625,193486.2842410259,5,5,1,30
728,sweep,100,27,100,50,29172833,583456.66,0.5834566600000001,171392.33615055485,100,100,6,600
729,fanout_subset,100,11,10,500,26098625,52197.25,0.05219725,191580.97409346278,10,10,1,60
730,sweep,50,9,50,100,27681417,276814.17,0.27681416999999997,180626.5914783192,50,50,6,300
731,fanout_subset,1000,11,100,50,26756125,535122.5,0.5351225,186873.09915019458,100,100,1,600
732,fanout_subset,10,32,1,2000,10613500,5306.75,0.00530675,188439.25189617,1,1,1,6
733,fanout_total,1000,18,1000,5,26847375,5369475.0,5.369475,186237.94691287322,1000,1000,1,6000
734,fanout_total,1000,9,1000,5,27144916,5428983.2,5.4289832,184196.55452240116,1000,1000,1,6000
735,fanout_subset,250,21,25,200,25801084,129005.42,0.12900542,193790.3074149908,25,25,1,150
736,fanout_subset,100,15,10,500,26647500,53295.0,0.053295,187634.86255746317,10,10,1,60
737,sweep,1000,26,1000,5,30288875,6057775.0,6.057775,165077.11164577754,1000,1000,6,6000
738,fanout_total,10,3,10,500,24827958,49655.916,0.049655915999999994,201385.87313543868,10,10,1,60
739,sweep,50,10,50,100,28215708,282157.08,0.28215708,177206.25688357704,50,50,6,300
740,fanout_total,1000,4,1000,5,26077167,5215433.4,5.2154334,191738.6194596982,1000,1000,1,6000
741,sweep,500,24,500,10,29849167,2984916.7,2.9849167000000003,167508.86214010595,500,500,6,3000
742,fanout_total,250,3,250,20,25747833,1287391.65,1.28739165,194191.09949951907,250,250,1,1500
743,sweep,100,11,100,50,28551458,571029.16,0.57102916,175122.40530763788,100,100,6,600
744,fanout_subset,50,11,5,1000,25309250,25309.25,0.02530925,197556.22944180487,5,5,1,30
745,fanout_subset,10,10,1,2000,11090125,5545.0625,0.0055450625,180340.61834289512,1,1,1,6
746,fanout_total,100,16,100,50,24610750,492215.0,0.492215,203163.25183100882,100,100,1,600
747,fanout_subset,50,23,5,1000,25242125,25242.125,0.025242125,198081.5798986813,5,5,1,30
748,sweep,250,14,250,20,28920542,1446027.1,1.4460271,172887.49291074835,250,250,6,1500
749,sweep,50,16,50,100,27948583,279485.83,0.27948583,178899.94637653005,50,50,6,300
750,sweep,10,38,10,500,29515875,59031.75,0.05903175,169400.3650577867,10,10,6,60
751,fanout_total,250,16,250,20,25304500,1265225.0,1.265225,197593.3134422731,250,250,1,1500
752,fanout_subset,500,13,50,100,27629958,276299.58,0.27629958,180962.99675880797,50,50,1,300
753,fanout_total,1,18,1,2000,10386292,5193.146,0.005193146,192561.50318130862,1,1,1,6
754,fanout_total,250,4,250,20,25040208,1252010.4,1.2520103999999999,199678.85250793444,250,250,1,1500
755,fanout_total,25,15,25,200,24759458,123797.29,0.12379728999999999,201943.03122467385,25,25,1,150
756,sweep,25,40,25,200,27773459,138867.295,0.138867295,180027.99003177814,25,25,6,150
757,fanout_total,1,19,1,2000,10347791,5173.8955,0.005173895499999999,193277.96628285205,1,1,1,6
758,fanout_subset,100,30,10,500,25659375,51318.75,0.05131875,194860.5529168189,10,10,1,60
759,fanout_total,1000,1,1000,5,30967375,6193475.0,6.193475,161460.24646906622,1000,1000,1,6000
760,sweep,10,14,10,500,28517875,57035.75,0.05703575,175328.6316038625,10,10,6,60
761,sweep,1000,5,1000,5,30731500,6146300.0,6.1463,162699.51027447407,1000,1000,6,6000
762,sweep,1,15,1,2000,13315333,6657.6665,0.0066576665,150202.77750470076,1,1,6,6
763,sweep,25,19,25,200,27820750,139103.75,0.13910375,179721.97011223636,25,25,6,150
764,fanout_total,25,21,25,200,24389375,121946.875,0.121946875,205007.3033851831,25,25,1,150
765,sweep,50,30,50,100,28077000,280770.0,0.28077,178081.70388574278,50,50,6,300
766,fanout_subset,25,29,3,1667,24779417,14864.67726454709,0.01486467726454709,201820.72887348398,3,3,1,18
767,fanout_total,1000,32,1000,5,27176250,5435250.0,5.43525,183984.17736074698,1000,1000,1,6000
768,sweep,25,15,25,200,29098375,145491.875,0.145491875,171830.9012101191,25,25,6,150
769,fanout_subset,25,38,3,1667,24121750,14470.155968806239,0.014470155968806239,207323.26634676175,3,3,1,18
770,fanout_subset,250,16,25,200,25380041,126900.205,0.126900205,197005.1979033446,25,25,1,150
771,sweep,100,33,100,50,28142917,562858.34,0.56285834,177664.59674382722,100,100,6,600
772,sweep,25,13,25,200,29394000,146970.0,0.14697,170102.74205620194,25,25,6,150
773,fanout_subset,50,26,5,1000,25488666,25488.666,0.025488666,196165.6212216049,5,5,1,30
774,sweep,1000,27,1000,5,30344042,6068808.4,6.0688084,164776.99312438336,1000,1000,6,6000
775,fanout_subset,25,15,3,1667,25374375,15221.580683863227,0.015221580683863227,197088.59824133597,3,3,1,18
776,sweep,25,16,25,200,28641208,143206.04,0.14320604,174573.64228492038,25,25,6,150
777,fanout_total,250,23,250,20,26398500,1319925.0,1.319925,189404.70102467944,250,250,1,1500
778,sweep,10,26,10,500,29990833,59981.666,0.059981665999999996,166717.61001103238,10,10,6,60
779,fanout_total,500,16,500,10,25708500,2570850.0,2.57085,194488.20429040978,500,500,1,3000
780,fanout_total,10,25,10,500,24744708,49489.416,0.049489415999999994,202063.4068504668,10,10,1,60
781,fanout_subset,1000,13,100,50,26891500,537830.0,0.53783,185932.35780822937,100,100,1,600
782,sweep,1000,7,1000,5,29627375,5925475.0,5.925475,168762.84179749302,1000,1000,6,6000
783,fanout_total,1,27,1,2000,10204166,5102.083,0.0051020829999999994,195998.3794853984,1,1,1,6
784,fanout_subset,100,29,10,500,25546792,51093.584,0.051093584000000004,195719.2903124588,10,10,1,60
785,fanout_subset,25,13,3,1667,24429583,14654.818836232753,0.014654818836232753,204710.82130218923,3,3,1,18
786,fanout_total,250,5,250,20,25211000,1260550.0,1.26055,198326.12748403475,250,250,1,1500
787,fanout_subset,1000,15,100,50,27233792,544675.84,0.54467584,183595.43907803952,100,100,1,600
788,fanout_total,100,11,100,50,25163291,503265.82,0.50326582,198702.14909488588,100,100,1,600
789,fanout_subset,500,26,50,100,25863334,258633.34,0.25863334,193323.87696033315,50,50,1,300
790,fanout_subset,100,22,10,500,25525375,51050.75,0.05105075,195883.50807774617,10,10,1,60
791,fanout_subset,50,24,5,1000,25037917,25037.917,0.025037917,199697.12336693183,5,5,1,30
792,sweep,1,8,1,2000,13549208,6774.604,0.006774604,147610.10385256464,1,1,6,6
793,fanout_total,1000,2,1000,5,27625334,5525066.8,5.525066799999999,180993.28681419743,1000,1000,1,6000
794,sweep,50,5,50,100,28584458,285844.58,0.28584458,174920.23112699916,50,50,6,300
795,fanout_total,25,19,25,200,25523917,127619.585,0.127619585,195894.6975105741,25,25,1,150
796,fanout_total,250,14,250,20,26138625,1306931.25,1.30693125,191287.79727319247,250,250,1,1500
797,fanout_subset,500,28,50,100,26393875,263938.75,0.26393875,189437.89041965228,50,50,1,300
798,fanout_total,100,5,100,50,26827375,536547.5,0.5365475,186376.78863474343,100,100,1,600
799,fanout_subset,1,15,1,2000,10666708,5333.354,0.005333354,187499.2734403154,1,1,1,6
800,fanout_total,1000,33,1000,5,32303292,6460658.4,6.460658400000001,154782.98620462583,1000,1000,1,6000
801,fanout_total,250,11,250,20,27230167,1361508.35,1.36150835,183619.8801131113,250,250,1,1500
802,fanout_subset,1000,17,100,50,26900625,538012.5,0.5380125,185869.28742361933,100,100,1,600
803,fanout_subset,250,28,25,200,25884125,129420.625,0.129420625,193168.59271850993,25,25,1,150
804,fanout_total,1,15,1,2000,10386208,5193.104,0.0051931040000000005,192563.06055106924,1,1,1,6
805,sweep,50,32,50,100,29031792,290317.92,0.29031792,172224.987007347,50,50,6,300
806,fanout_total,500,24,500,10,26745458,2674545.8,2.6745457999999998,186947.63050982342,500,500,1,3000
807,fanout_total,25,7,25,200,25960667,129803.335,0.12980333500000002,192599.05764362682,25,25,1,150
808,fanout_total,50,35,50,100,26172042,261720.42,0.26172042,191043.55709042496,50,50,1,300
809,sweep,100,23,100,50,29277458,585549.16,0.58554916,170779.85390671552,100,100,6,600
810,sweep,1000,30,1000,5,32192417,6438483.4,6.4384834,155316.07955997836,1000,1000,6,6000
811,sweep,250,24,250,20,29347917,1467395.85,1.4673958500000002,170369.84260245794,250,250,6,1500
812,sweep,1,23,1,2000,13301084,6650.542,0.006650542000000001,150363.68464404857,1,1,6,6
813,sweep,500,21,500,10,29160417,2916041.7,2.9160417,171465.31203583267,500,500,6,3000
814,fanout_total,50,28,50,100,25064041,250640.41,0.25064041,199488.98104659183,50,50,1,300
815,fanout_subset,50,8,5,1000,24299208,24299.208,0.024299208,205768.02338578278,5,5,1,30
816,sweep,25,10,25,200,27731750,138658.75,0.13865875,180298.75503709645,25,25,6,150
817,fanout_total,50,12,50,100,24735167,247351.67,0.24735167000000002,202141.3479844304,50,50,1,300
818,fanout_total,1000,37,1000,5,26924250,5384850.0,5.38485,185706.19423010855,1000,1000,1,6000
819,fanout_total,1,38,1,2000,10127166,5063.583,0.005063583,197488.6162624371,1,1,1,6
820,fanout_subset,50,37,5,1000,25398583,25398.583,0.025398583,196861.37608542966,5,5,1,30
821,fanout_total,500,5,500,10,26472708,2647270.8,2.6472708,188873.76387787756,500,500,1,3000
822,fanout_total,10,28,10,500,25130875,50261.75,0.05026175,198958.45250115645,10,10,1,60
823,sweep,1,2,1,2000,13350042,6675.021,0.006675021,149812.26276291866,1,1,6,6
824,sweep,500,17,500,10,33834167,3383416.7,3.3834167,147779.60988370128,500,500,6,3000
825,fanout_total,10,6,10,500,25100041,50200.082,0.050200082,199202.86185986706,10,10,1,60
826,fanout_total,25,1,25,200,24658250,123291.25,0.12329125,202771.89176036415,25,25,1,150
827,fanout_subset,250,30,25,200,25635000,128175.0,0.128175,195045.83577140627,25,25,1,150
828,fanout_subset,25,25,3,1667,25136000,15078.584283143371,0.01507858428314337,198957.670273711,3,3,1,18
829,sweep,500,30,500,10,29852875,2985287.5,2.9852875,167488.05600800595,500,500,6,3000
830,sweep,10,33,10,500,29152167,58304.334,0.058304334,171513.8363470544,10,10,6,60
831,sweep,500,40,500,10,29477667,2947766.7,2.9477667000000003,169619.93634028092,500,500,6,3000
832,sweep,25,8,25,200,28529250,142646.25,0.14264625,175258.7256938055,25,25,6,150
833,sweep,250,21,250,20,28379333,1418966.65,1.41896665,176184.5495100255,250,250,6,1500
834,fanout_total,250,38,250,20,25514083,1275704.15,1.27570415,195970.20202528933,250,250,1,1500
835,fanout_total,500,15,500,10,26892750,2689275.0,2.689275,185923.71549953055,500,500,1,3000
836,sweep,500,18,500,10,29477292,2947729.2,2.9477292000000004,169622.09418694227,500,500,6,3000
837,sweep,1,28,1,2000,12988750,6494.375,0.006494375,153979.4052545472,1,1,6,6
838,sweep,25,22,25,200,28292041,141460.205,0.14146020499999998,176728.14767941277,25,25,6,150
839,sweep,250,20,250,20,28208500,1410425.0,1.410425,177251.53765708915,250,250,6,1500
840,sweep,250,17,250,20,30106000,1505300.0,1.5053,166079.85119245332,250,250,6,1500
841,fanout_total,100,9,100,50,25767167,515343.34,0.51534334,194045.39117552195,100,100,1,600
842,fanout_total,100,30,100,50,26754875,535097.5,0.5350975,186881.82994687886,100,100,1,600
843,sweep,25,30,25,200,29197166,145985.83,0.14598582999999998,171249.4972971007,25,25,6,150
844,fanout_subset,10,34,1,2000,10247041,5123.5205,0.005123520499999999,195178.29586121498,1,1,1,6
845,fanout_total,50,37,50,100,24868625,248686.25,0.24868625,201056.5521817149,50,50,1,300
846,sweep,100,24,100,50,27740459,554809.18,0.55480918,180242.15100406233,100,100,6,600
847,fanout_total,1000,3,1000,5,26356916,5271383.2,5.2713832,189703.52980599095,1000,1000,1,6000
848,fanout_subset,25,7,3,1667,24218792,14528.36952609478,0.01452836952609478,206492.5451277669,3,3,1,18
849,fanout_total,1,28,1,2000,10341375,5170.6875,0.0051706875,193397.87987574184,1,1,1,6
850,sweep,250,6,250,20,27986416,1399320.8,1.3993208000000001,178658.1032741027,250,250,6,1500
851,sweep,50,4,50,100,27396292,273962.92,0.27396292,182506.45014296097,50,50,6,300
852,fanout_total,250,40,250,20,24745292,1237264.6,1.2372646,202058.6380633536,250,250,1,1500
853,fanout_subset,1000,28,100,50,26659500,533190.0,0.53319,187550.404171121,100,100,1,600
854,sweep,500,37,500,10,33222917,3322291.7,3.3222917,150498.5248586089,500,500,6,3000
855,sweep,50,26,50,100,28313917,283139.17,0.28313917,176591.60334474387,50,50,6,300
856,fanout_subset,50,28,5,1000,25039083,25039.083,0.025039083,199687.82403093597,5,5,1,30
857,sweep,1000,17,1000,5,30470292,6094058.4,6.094058400000001,164094.25941832128,1000,1000,6,6000
858,sweep,25,11,25,200,28255166,141275.83,0.14127583,176958.79047392608,25,25,6,150
859,fanout_subset,1000,2,100,50,26066375,521327.5,0.5213275,191818.00307867894,100,100,1,600
860,fanout_total,250,6,250,20,25822667,1291133.35,1.2911333500000002,193628.33436220972,250,250,1,1500
861,sweep,10,31,10,500,28612416,57224.832,0.057224832,174749.31162751163,10,10,6,60
862,fanout_total,25,10,25,200,25216084,126080.42,0.12608042,198286.14149603882,25,25,1,150
863,fanout_subset,1000,37,100,50,26342041,526840.82,0.52684082,189810.65286474957,100,100,1,600
864,sweep,25,27,25,200,27809458,139047.29,0.13904729000000002,179794.9460216017,25,25,6,150
865,fanout_subset,25,26,3,1667,27666792,16596.755848830235,0.016596755848830233,180758.2172880759,3,3,1,18
866,fanout_total,1000,35,1000,5,27413292,5482658.4,5.4826584,182393.27111825897,1000,1000,1,6000
867,sweep,100,7,100,50,27292042,545840.84,0.54584084,183203.587331428,100,100,6,600
868,fanout_total,10,26,10,500,25053667,50107.334,0.050107334,199571.58367276136,10,10,1,60
869,fanout_subset,10,35,1,2000,10691500,5345.75,0.00534575,187064.49048309406,1,1,1,6
870,sweep,500,35,500,10,29116958,2911695.8,2.9116958,171721.23543949885,500,500,6,3000
871,sweep,250,10,250,20,27441459,1372072.95,1.37207295,182206.05544333486,250,250,6,1500
872,sweep,1000,31,1000,5,29553375,5910675.0,5.910675,169185.41452541377,1000,1000,6,6000
873,sweep,250,8,250,20,28358209,1417910.45,1.41791045,176315.78919529085,250,250,6,1500
874,sweep,1,33,1,2000,12743291,6371.6455,0.006371645499999999,156945.32911474752,1,1,6,6
875,fanout_total,50,38,50,100,25552583,255525.83,0.25552583,195674.9343109462,50,50,1,300
876,sweep,100,34,100,50,27934459,558689.18,0.55868918,178990.40035105028,100,100,6,600
877,fanout_subset,25,12,3,1667,25548583,15326.084583083384,0.015326084583083384,195744.71116460743,3,3,1,18
878,sweep,1,16,1,2000,13564000,6782.0,0.006782,147449.13005013272,1,1,6,6
879,fanout_total,1000,30,1000,5,26297125,5259425.0,5.259425,190134.8531445928,1000,1000,1,6000
880,fanout_subset,1,37,1,2000,10144625,5072.3125,0.0050723125,197148.73639981766,1,1,1,6
881,fanout_total,1,14,1,2000,10303875,5151.9375,0.0051519375,194101.73357110796,1,1,1,6
882,fanout_total,500,12,500,10,30131500,3013150.0,3.01315,165939.2994042779,500,500,1,3000
883,fanout_total,25,25,25,200,26006042,130030.21,0.13003021,192263.0133412843,25,25,1,150
884,sweep,500,25,500,10,29701000,2970100.0,2.9701,168344.50018517897,500,500,6,3000
885,sweep,100,29,100,50,28359083,567181.66,0.56718166,176310.35531014876,100,100,6,600
886,fanout_subset,50,36,5,1000,25497125,25497.125,0.025497125,196100.54074724112,5,5,1,30
887,sweep,50,2,50,100,29113750,291137.5,0.2911375,171740.15714224378,50,50,6,300
888,sweep,100,16,100,50,28281750,565635.0,0.565635,176792.45449804203,100,100,6,600
889,fanout_total,1,6,1,2000,10265125,5132.5625,0.0051325625,194834.45160190453,1,1,1,6
890,fanout_total,25,29,25,200,25104709,125523.545,0.125523545,199165.82183844474,25,25,1,150
891,sweep,10,15,10,500,29417000,58834.0,0.058834,169969.7453853214,10,10,6,60
892,sweep,100,12,100,50,28271583,565431.66,0.56543166,176856.03243369854,100,100,6,600
893,fanout_subset,100,6,10,500,25606458,51212.916,0.051212916,195263.24179626876,10,10,1,60
894,fanout_total,25,4,25,200,24599375,122996.875,0.122996875,203257.19657511625,25,25,1,150
895,sweep,250,27,250,20,28121000,1406050.0,1.40605,177803.0653248462,250,250,6,1500
896,fanout_total,1000,6,1000,5,29021166,5804233.2,5.8042332000000005,172288.04659330368,1000,1000,1,6000
897,sweep,10,16,10,500,47394417,94788.834,0.094788834,105497.65808913737,10,10,6,60
898,fanout_total,100,19,100,50,31070375,621407.5,0.6214075,160924.99688207818,100,100,1,600
899,fanout_total,10,20,10,500,25746750,51493.5,0.0514935,194199.26786876016,10,10,1,60
900,sweep,500,8,500,10,28697916,2869791.6,2.8697916,174228.67918353374,500,500,6,3000
901,fanout_total,500,40,500,10,26591875,2659187.5,2.6591875,188027.35798058618,500,500,1,3000
902,fanout_total,50,15,50,100,25687292,256872.92,0.25687292,194648.77808061667,50,50,1,300
903,fanout_total,1000,19,1000,5,26548875,5309775.0,5.309775,188331.8973026164,1000,1000,1,6000
904,sweep,50,29,50,100,28692542,286925.42,0.28692542,174261.311528271,50,50,6,300
905,fanout_subset,500,12,50,100,26266917,262669.17,0.26266917,190353.51579326956,50,50,1,300
906,fanout_subset,1000,38,100,50,26380084,527601.68,0.5276016800000001,189536.92490137633,100,100,1,600
907,fanout_subset,250,1,25,200,25640125,128200.625,0.128200625,195006.84961559274,25,25,1,150
908,fanout_total,250,19,250,20,25304416,1265220.8,1.2652208,197593.96936882476,250,250,1,1500
909,fanout_total,10,39,10,500,25490667,50981.334,0.050981334,196150.22235393053,10,10,1,60
910,sweep,25,24,25,200,27933750,139668.75,0.13966875,178994.94339284915,25,25,6,150
911,sweep,500,36,500,10,32249917,3224991.7,3.2249917000000003,155039.1587054317,500,500,6,3000
912,fanout_subset,1,11,1,2000,10487084,5243.542,0.005243542,190710.78290209174,1,1,1,6
913,sweep,250,5,250,20,27979584,1398979.2,1.3989791999999999,178701.72765971074,250,250,6,1500
914,fanout_total,1000,5,1000,5,26024416,5204883.2,5.2048832,192127.27002212073,1000,1000,1,6000
915,fanout_total,50,5,50,100,24698083,246980.83,0.24698082999999998,202444.86181376912,50,50,1,300
916,sweep,100,31,100,50,27719542,554390.84,0.5543908399999999,180378.16064926327,100,100,6,600
917,fanout_subset,500,27,50,100,26181416,261814.16,0.26181416,190975.15581281015,50,50,1,300
918,sweep,1,25,1,2000,13167750,6583.875,0.006583875,151886.23720833097,1,1,6,6
919,sweep,250,19,250,20,28497334,1424866.7,1.4248667,175455.00922998623,250,250,6,1500
920,fanout_total,1,39,1,2000,10344125,5172.0625,0.0051720625,193346.46478073302,1,1,1,6
921,sweep,50,6,50,100,27835834,278358.34,0.27835834000000004,179624.5803161493,50,50,6,300
922,fanout_subset,50,13,5,1000,24640917,24640.917,0.024640917000000002,202914.5262735149,5,5,1,30
923,sweep,50,28,50,100,28677000,286770.0,0.28677,174355.75548348852,50,50,6,300
924,fanout_total,25,32,25,200,26183833,130919.165,0.130919165,190957.52711224518,25,25,1,150
925,fanout_total,10,17,10,500,25186125,50372.25,0.05037225,198522.00368258316,10,10,1,60
926,fanout_subset,50,20,5,1000,25673959,25673.959,0.025673959,194749.86308110875,5,5,1,30
927,sweep,100,40,100,50,28364459,567289.18,0.5672891800000001,176276.93868583918,100,100,6,600
928,sweep,250,18,250,20,28596208,1429810.4,1.4298103999999998,174848.35751649312,250,250,6,1500
929,fanout_total,1000,38,1000,5,27867458,5573491.6,5.5734916,179420.74228657671,1000,1000,1,6000
930,fanout_total,1,30,1,2000,10672666,5336.333,0.0053363329999999995,187394.60224839795,1,1,1,6
931,sweep,50,3,50,100,28927750,289277.5,0.2892775,172844.4141006473,50,50,6,300
932,fanout_total,25,16,25,200,25261208,126306.04,0.12630603999999998,197931.94371385567,25,25,1,150
933,fanout_total,10,22,10,500,26608583,53217.166,0.053217165999999996,187909.29227610506,10,10,1,60
934,fanout_subset,500,39,50,100,26733792,267337.92,0.26733792,187029.21007240575,50,50,1,300
935,fanout_subset,500,35,50,100,25893375,258933.75,0.25893375,193099.58628413637,50,50,1,300
936,sweep,250,4,250,20,28763583,1438179.15,1.4381791499999999,173830.91668378032,250,250,6,1500
937,fanout_total,250,37,250,20,25359209,1267960.45,1.26796045,197167.0330884532,250,250,1,1500
938,fanout_total,25,26,25,200,24959583,124797.915,0.124797915,200323.85957730145,25,25,1,150
939,sweep,10,34,10,500,28776833,57553.666,0.057553665999999996,173750.8780066243,10,10,6,60
940,fanout_subset,25,35,3,1667,25090917,15051.539892021596,0.015051539892021596,199315.15456370128,3,3,1,18
941,fanout_total,250,39,250,20,25767042,1288352.1,1.2883521,194046.33252043443,250,250,1,1500
942,sweep,250,40,250,20,28328083,1416404.15,1.41640415,176503.29533417424,250,250,6,1500
943,sweep,25,36,25,200,28379500,141897.5,0.1418975,176183.51274687715,25,25,6,150
944,fanout_total,500,20,500,10,27334084,2733408.4,2.7334084,182921.80561089958,500,500,1,3000
945,sweep,1000,40,1000,5,28983750,5796750.0,5.79675,172510.4584465433,1000,1000,6,6000
946,fanout_total,10,27,10,500,25472667,50945.334,0.050945334,196288.8299054041,10,10,1,60
947,sweep,500,9,500,10,29105750,2910575.0,2.910575,171787.3616038068,500,500,6,3000
948,fanout_subset,10,22,1,2000,10320833,5160.4165,0.0051604165,193782.8080349716,1,1,1,6
949,fanout_total,50,32,50,100,25060250,250602.5,0.2506025,199519.15882722638,50,50,1,300
950,fanout_subset,25,11,3,1667,24731042,14835.658068386323,0.014835658068386322,202215.499047715,3,3,1,18
951,sweep,10,2,10,500,27667833,55335.666,0.055335666,180715.27321998798,10,10,6,60
952,sweep,500,6,500,10,29455250,2945525.0,2.945525,169749.02606496296,500,500,6,3000
953,fanout_total,50,27,50,100,24632958,246329.58,0.24632958,202980.08870879412,50,50,1,300
954,fanout_subset,500,29,50,100,25539583,255395.83,0.25539583,195774.53555134396,50,50,1,300
955,fanout_total,50,34,50,100,25234209,252342.09,0.25234209,198143.7183150857,50,50,1,300
956,fanout_total,250,15,250,20,25916708,1295835.4,1.2958353999999999,192925.73732744146,250,250,1,1500
957,sweep,1,35,1,2000,14193375,7096.6875,0.0070966875,140910.81226276344,1,1,6,6
958,fanout_total,50,2,50,100,25234375,252343.75,0.25234375,198142.4148606811,50,50,1,300
959,sweep,1,24,1,2000,13524834,6762.417,0.006762417000000001,147876.12180674454,1,1,6,6
960,fanout_total,25,28,25,200,26011041,130055.205,0.130055205,192226.06277080567,25,25,1,150
